CMPLNT_FR_DT,OFNS_DESC,BORO_NM,LAW_CAT_CD,Latitude,Longitude
03/24/2025, ASSAULT,BRONX,MISDEMEANOR,40.591219,-73.875608
02/13/2024, ASSAULT,BRONX,MISDEMEANOR,40.838128,-73.979811
11/10/2022, ASSAULT,BRONX,MISDEMEANOR,40.72526,-74.205477
11/02/2023, ASSAULT,BRONX,FELONY,40.858176,-73.746147
08/23/2022, ASSAULT,BRONX,MISDEMEANOR,40.635832,-73.869468
02/03/2023, ASSAULT,BRONX,FELONY,40.880957,-73.796872
08/28/2022, ASSAULT,BRONX,FELONY,40.530749,-73.936804
02/06/2023, ASSAULT,BRONX,MISDEMEANOR,40.598839,-73.745957
10/25/2023, BURGLARY,BRONX,MISDEMEANOR,40.79485,-74.108729
08/03/2024, BURGLARY,BRONX,FELONY,40.836365,-73.91957
05/27/2025, BURGLARY,BRONX,MISDEMEANOR,40.61313,-73.811135
04/14/2024, BURGLARY,BRONX,FELONY,40.817787,-74.19971
06/27/2024, BURGLARY,BRONX,FELONY,40.546052,-73.855308
01/04/2023, BURGLARY,BRONX,FELONY,40.777511,-74.226553
10/06/2024, BURGLARY,BRONX,MISDEMEANOR,40.537565,-74.204989
01/27/2025, BURGLARY,BRONX,FELONY,40.575445,-74.010638
05/27/2025, BURGLARY,BRONX,MISDEMEANOR,40.608714,-74.094222
04/23/2024, BURGLARY,BRONX,FELONY,40.692847,-73.79816
01/19/2025, BURGLARY,BRONX,MISDEMEANOR,40.527257,-74.187902
04/21/2025, DRUG POSSESSION,BRONX,MISDEMEANOR,40.564699,-73.8767
06/01/2023, FRAUD,BRONX,MISDEMEANOR,40.551007,-73.897465
10/24/2024, FRAUD,BRONX,MISDEMEANOR,40.664053,-73.928757
12/20/2022, FRAUD,BRONX,MISDEMEANOR,40.532299,-73.971401
04/23/2024, FRAUD,BRONX,FELONY,40.787889,-73.922015
10/24/2023, FRAUD,BRONX,FELONY,40.631084,-73.760939
09/09/2022, GRAND LARCENY,BRONX,FELONY,40.869884,-74.195199
09/27/2024, GRAND LARCENY,BRONX,MISDEMEANOR,40.605896,-74.027713
08/20/2024, GRAND LARCENY,BRONX,FELONY,40.509289,-73.989153
01/15/2024, GRAND LARCENY,BRONX,MISDEMEANOR,40.719279,-74.136782
06/07/2025, GRAND LARCENY,BRONX,FELONY,40.762453,-74.026328
08/30/2022, GRAND LARCENY,BRONX,VIOLATION,40.546491,-73.733623
10/10/2022, PETIT LARCENY,BRONX,MISDEMEANOR,40.621622,-73.800161
07/05/2025, PETIT LARCENY,BRONX,FELONY,40.827934,-74.067499
05/07/2024, PETIT LARCENY,BRONX,MISDEMEANOR,40.556011,-74.153554
11/15/2022, PETIT LARCENY,BRONX,MISDEMEANOR,40.632833,-73.881144
05/02/2023, PETIT LARCENY,BRONX,VIOLATION,40.799815,-73.728071
06/20/2024, PETIT LARCENY,BRONX,FELONY,40.838294,-73.768159
04/28/2024, PETIT LARCENY,BRONX,MISDEMEANOR,40.809715,-73.836698
02/22/2023, PETIT LARCENY,BRONX,FELONY,40.51825,-73.870518
04/24/2024, PETIT LARCENY,BRONX,MISDEMEANOR,40.508804,-73.779965
07/15/2024, ROBBERY,BRONX,FELONY,40.70688,-73.901655
05/08/2024, ROBBERY,BRONX,FELONY,40.748814,-73.743776
09/01/2022, ROBBERY,BRONX,MISDEMEANOR,40.500559,-73.940905
12/18/2023, ROBBERY,BRONX,MISDEMEANOR,40.585522,-74.216517
12/26/2023, VANDALISM,BRONX,FELONY,40.769395,-73.83782
08/08/2022, VANDALISM,BRONX,FELONY,40.750121,-73.876646
04/25/2024, VANDALISM,BRONX,MISDEMEANOR,40.594977,-73.899611
07/10/2024, VANDALISM,BRONX,MISDEMEANOR,40.884698,-73.719996
04/20/2024, VANDALISM,BRONX,MISDEMEANOR,40.627,-73.812177
08/12/2023, VANDALISM,BRONX,FELONY,40.823587,-73.965987
07/10/2025, VANDALISM,BRONX,MISDEMEANOR,40.641169,-74.168928
09/25/2024, VEHICLE THEFT,BRONX,FELONY,40.676351,-74.091713
12/03/2022, VEHICLE THEFT,BRONX,MISDEMEANOR,40.727579,-73.965343
04/06/2025, VEHICLE THEFT,BRONX,MISDEMEANOR,40.780613,-74.214688
12/16/2023, VEHICLE THEFT,BRONX,MISDEMEANOR,40.889596,-73.704917
02/05/2025, VEHICLE THEFT,BRONX,FELONY,40.658741,-74.078668
01/25/2023, VEHICLE THEFT,BRONX,MISDEMEANOR,40.794697,-73.896384
08/26/2022, VEHICLE THEFT,BRONX,MISDEMEANOR,40.55817,-73.804622
07/18/2023, VEHICLE THEFT,BRONX,FELONY,40.791539,-73.95284
05/27/2023,ASSAULT,BRONX,MISDEMEANOR,40.787253,-73.80612
08/23/2023,ASSAULT,BRONX,MISDEMEANOR,40.866755,-73.770106
07/16/2023,ASSAULT,BRONX,MISDEMEANOR,40.878271,-73.807585
12/05/2022,ASSAULT1,BRONX,MISDEMEANOR,40.585387,-73.912984
08/23/2023,ASSAULT1,BRONX,MISDEMEANOR,40.794949,-73.949684
03/21/2023,ASSAULT1,BRONX,MISDEMEANOR,40.505387,-73.738334
05/27/2025,ASSAULT1,BRONX,MISDEMEANOR,40.640237,-74.196894
03/25/2025,ASSAULT1,BRONX,FELONY,40.676385,-74.220491
06/04/2025,ASSAULT1,BRONX,FELONY,40.527397,-74.033716
09/19/2022,ASSAULT1,BRONX,FELONY,40.575053,-73.977145
09/17/2022,ASSAULT1,BRONX,FELONY,40.879243,-73.82531
02/16/2023,ASSAULT1,BRONX,MISDEMEANOR,40.754862,-74.108178
12/15/2023,ASSAULT1,BRONX,FELONY,40.836255,-74.127135
01/10/2023,ASSAULT1,BRONX,FELONY,40.801558,-73.960984
10/29/2023,ASSAULT1,BRONX,MISDEMEANOR,40.584996,-73.95673
01/16/2023,ASSAULT1,BRONX,MISDEMEANOR,40.77398,-73.930854
04/05/2024,ASSAULT,BRONX,FELONY,40.538961,-74.167657
07/21/2022,ASSAULT,BRONX,MISDEMEANOR,40.663367,-73.941246
05/28/2024,ASSAULT,BRONX,MISDEMEANOR,40.526804,-74.111693
05/29/2023,ASSAULT,BRONX,MISDEMEANOR,40.891781,-73.75944
01/03/2025,ASSAULT,BRONX,FELONY,40.716198,-73.903664
08/15/2024,ASSAULT,BRONX,FELONY,40.871655,-73.883081
04/13/2025,ASSAULT,BRONX,VIOLATION,40.559619,-74.126719
04/25/2025,ASSAULT,BRONX,FELONY,40.51851,-73.720645
02/21/2023,ASSAULT,BRONX,FELONY,40.852139,-74.044356
03/14/2025,ASSAULT,BRONX,FELONY,40.528646,-73.733222
08/09/2023,ASSAULT,BRONX,FELONY,40.584939,-74.154184
11/29/2023,ASSAULT,BRONX,MISDEMEANOR,40.539952,-73.844977
08/20/2023,ASSAULT,BRONX,VIOLATION,40.778322,-73.885643
09/05/2024,ASSAULT,BRONX,VIOLATION,40.828455,-74.027207
11/14/2022,ASSAULT,BRONX,MISDEMEANOR,40.529674,-73.994583
11/20/2023,ASSAULT,BRONX,MISDEMEANOR,40.67701,-73.996801
02/08/2025,ASSAULT,BRONX,MISDEMEANOR,40.778403,-74.043927
04/16/2024,ASSAULT,BRONX,FELONY,40.699672,-74.01515
06/06/2025,ASSAULT,BRONX,FELONY,40.727126,-74.181327
08/22/2022,ASSAULT,BRONX,FELONY,40.702638,-74.123449
01/05/2023,ASSAULT,BRONX,FELONY,40.779339,-74.036426
12/14/2024,ASSAULT,BRONX,FELONY,40.608381,-74.102539
09/15/2024,ASSAULT,BRONX,FELONY,40.757768,-74.208595
08/01/2024,ASSAULT,BRONX,MISDEMEANOR,40.797871,-73.729064
02/08/2024,ASSAULT,BRONX,FELONY,40.870739,-74.014117
12/16/2022,BURGLARY,BRONX,FELONY,40.833538,-74.186175
11/05/2024,BURGLARY,BRONX,FELONY,40.699094,-74.229197
09/14/2022,BURGLARY,BRONX,FELONY,40.666065,-74.164114
07/07/2025,BURGLARY,BRONX,MISDEMEANOR,40.617891,-73.793404
12/01/2023,BURGLARY,BRONX,MISDEMEANOR,40.592945,-73.830903
04/05/2023,BURGLARY,BRONX,FELONY,40.520461,-74.099823
03/17/2023,BURGLARY_dev,BRONX,MISDEMEANOR,40.721567,-74.156922
08/10/2024,BURGLARY_dev,BRONX,MISDEMEANOR,40.604707,-74.162924
08/07/2022,BURGLARY_dev,BRONX,MISDEMEANOR,40.849882,-74.061325
03/17/2025,BURGLARY_dev,BRONX,FELONY,40.500598,-73.756904
11/24/2022,BURGLARY_dev,BRONX,MISDEMEANOR,40.563832,-74.190779
07/10/2025,BURGLARY_dev,BRONX,FELONY,40.674084,-73.909549
06/03/2025,BURGLARY_dev,BRONX,FELONY,40.878856,-73.933664
11/02/2023,BURGLARY_dev,BRONX,FELONY,40.78538,-73.941402
04/14/2024,BURGLARY_dev,BRONX,FELONY,40.862575,-74.126258
07/02/2025,BURGLARY_dev,BRONX,FELONY,40.794581,-73.809922
01/12/2023,BURGLARY_dev,BRONX,MISDEMEANOR,40.872846,-73.933354
04/15/2024,BURGLARY_dev,BRONX,VIOLATION,40.857651,-74.056667
10/05/2022,BURGLARY_dev,BRONX,FELONY,40.690653,-73.93804
11/30/2024,BURGLARY_dev,BRONX,MISDEMEANOR,40.705318,-74.126058
07/24/2023,BURGLARY,BRONX,FELONY,40.698198,-73.765338
12/23/2024,BURGLARY,BRONX,FELONY,40.548827,-74.049846
05/02/2024,BURGLARY,BRONX,MISDEMEANOR,40.609397,-73.732596
03/02/2023,BURGLARY,BRONX,FELONY,40.569738,-73.977441
09/21/2022,BURGLARY,BRONX,MISDEMEANOR,40.571709,-73.801024
04/21/2023,BURGLARY,BRONX,MISDEMEANOR,40.58637,-73.907908
10/04/2024,BURGLARY,BRONX,FELONY,40.745697,-73.807296
07/25/2024,BURGLARY,BRONX,FELONY,40.678156,-74.158433
01/14/2024,BURGLARY,BRONX,MISDEMEANOR,40.596802,-73.737507
04/29/2024,BURGLARY,BRONX,FELONY,40.867822,-74.021525
02/15/2023,BURGLARY,BRONX,FELONY,40.618539,-74.078314
03/04/2023,BURGLARY,BRONX,FELONY,40.826439,-74.065259
09/15/2024,BURGLARY,BRONX,MISDEMEANOR,40.796266,-74.223296
09/29/2022,BURGLARY,BRONX,FELONY,40.615959,-73.910399
02/08/2025,BURGLARY,BRONX,MISDEMEANOR,40.859435,-74.158804
01/21/2024,BURGLARY_dev,BRONX,FELONY,40.827014,-74.224502
01/11/2023,BURGLARY,BRONX,MISDEMEANOR,40.708381,-74.124884
01/29/2024,BURGLARY,BRONX,FELONY,40.885223,-73.802661
05/16/2025,BURGLARY,BRONX,FELONY,40.734403,-73.967075
11/14/2022,BURGLARY,BRONX,FELONY,40.593781,-73.937809
06/02/2024,DRUG POSSESSION,BRONX,MISDEMEANOR,40.76951,-73.769004
02/22/2023,DRUG POSSESSION,BRONX,FELONY,40.81915,-73.803219
01/27/2025,DRUG POSSESSION,BRONX,MISDEMEANOR,40.593428,-73.774373
05/06/2023,DRUG POSSESSION,BRONX,FELONY,40.540592,-73.822018
05/06/2025,DRUG POSSESSION,BRONX,FELONY,40.668682,-74.153895
12/20/2022,DRUG POSSESSION,BRONX,FELONY,40.883452,-73.944463
04/19/2024,DRUG POSSESSION,BRONX,FELONY,40.52069,-73.77584
04/19/2024,DRUG POSSESSION,BRONX,VIOLATION,40.527607,-74.111197
01/23/2024,DRUG POSSESSION,BRONX,MISDEMEANOR,40.627671,-73.881679
06/16/2024,DRUG POSSESSION,BRONX,FELONY,40.759158,-74.120113
11/29/2024,DRUG POSSESSION,BRONX,FELONY,40.794403,-73.830646
03/18/2025,DRUG POSSESSION,BRONX,FELONY,40.604983,-74.2289
09/16/2022,DRUG POSSESSION,BRONX,MISDEMEANOR,40.893098,-73.738815
10/23/2023,DRUG POSSESSION,BRONX,FELONY,40.82489,-73.94783
10/09/2023,DRUG POSSESSION,BRONX,FELONY,40.761647,-73.748301
02/19/2023,DRUG POSSESSION,BRONX,FELONY,40.590151,-73.813164
05/21/2024,DRUG POSSESSION,BRONX,FELONY,40.839226,-73.888384
10/19/2023,DRUG POSSESSION,BRONX,FELONY,40.850354,-73.926634
07/12/2025,DRUG POSSESSION,BRONX,MISDEMEANOR,40.869136,-74.024429
03/21/2025,DRUG POSSESSION,BRONX,MISDEMEANOR,40.609286,-73.71793
03/08/2025,DRUG POSSESSION,BRONX,FELONY,40.751443,-73.883187
03/03/2023,DRUG POSSESSION,BRONX,MISDEMEANOR,40.568175,-73.8735
12/18/2024,DRUG POSSESSION,BRONX,FELONY,40.608119,-74.14725
03/14/2025,DRUG POSSESSION,BRONX,MISDEMEANOR,40.661305,-73.924913
04/06/2023,DRUG POSSESSION,BRONX,FELONY,40.585707,-74.154985
02/21/2025,DRUG POSSESSION,BRONX,FELONY,40.840044,-73.733161
03/04/2024,DRUG POSSESSION,BRONX,FELONY,40.577809,-74.044839
05/16/2024,DRUG POSSESSION,BRONX,MISDEMEANOR,40.790769,-73.91739
05/14/2023,DRUG POSSESSION,BRONX,MISDEMEANOR,40.661569,-74.061679
03/29/2025,DRUG POSSESSION,BRONX,VIOLATION,40.51432,-74.167772
11/06/2024,DRUG POSSESSION,BRONX,VIOLATION,40.738976,-74.061891
06/17/2023,DRUG POSSESSION,BRONX,FELONY,40.512623,-74.007614
09/17/2024,FRAUD,BRONX,MISDEMEANOR,40.641517,-74.076092
11/12/2024,FRAUD,BRONX,VIOLATION,40.754026,-73.768916
03/27/2025,FRAUD,BRONX,FELONY,40.752752,-73.966132
10/18/2022,FRAUD,BRONX,FELONY,40.663714,-74.104943
04/12/2024,FRAUD,BRONX,FELONY,40.794103,-73.935643
05/09/2025,FRAUD,BRONX,FELONY,40.736082,-73.702179
03/30/2023,FRAUD,BRONX,MISDEMEANOR,40.801372,-74.142369
02/20/2025,FRAUD,BRONX,MISDEMEANOR,40.558191,-74.091653
04/12/2025,FRAUD,BRONX,MISDEMEANOR,40.664113,-74.004151
09/19/2022,FRAUD,BRONX,FELONY,40.89601,-74.07536
04/06/2025,FRAUD,BRONX,FELONY,40.635092,-73.901773
02/23/2024,FRAUD,BRONX,FELONY,40.865873,-73.759097
10/10/2024,FRAUD,BRONX,MISDEMEANOR,40.70321,-74.129524
06/04/2024,FRAUD,BRONX,MISDEMEANOR,40.811308,-73.985064
06/24/2023,FRAUD,BRONX,FELONY,40.888136,-74.023684
01/01/2024,FRAUD,BRONX,FELONY,40.714035,-73.824603
08/23/2024,FRAUD,BRONX,MISDEMEANOR,40.759432,-73.97867
04/16/2024,FRAUD,BRONX,FELONY,40.609538,-74.215509
01/15/2023,FRAUD,BRONX,FELONY,40.869183,-73.790066
05/30/2024,FRAUD,BRONX,FELONY,40.576212,-73.98588
02/11/2023,FRAUD,BRONX,MISDEMEANOR,40.794767,-73.803036
03/03/2024,FRAUD,BRONX,FELONY,40.848234,-73.867859
08/29/2023,FRAUD,BRONX,MISDEMEANOR,40.62385,-73.989789
01/29/2025,FRAUD,BRONX,MISDEMEANOR,40.729737,-73.757011
04/04/2024,FRAUD,BRONX,FELONY,40.524258,-74.141266
05/15/2024,FRAUD,BRONX,FELONY,40.841516,-74.180774
03/17/2025,FRAUD,BRONX,MISDEMEANOR,40.59576,-73.930502
12/22/2024,FRAUD,BRONX,MISDEMEANOR,40.828856,-74.031055
07/15/2025,FRAUD,BRONX,MISDEMEANOR,40.597697,-73.752568
02/17/2025,FRAUD,BRONX,MISDEMEANOR,40.80967,-73.851164
03/29/2025,FRAUD,BRONX,MISDEMEANOR,40.645207,-74.068109
01/29/2024,FRAUD,BRONX,MISDEMEANOR,40.853498,-74.170064
03/01/2023,FRAUD,BRONX,FELONY,40.721804,-73.824398
09/22/2022,FRAUD,BRONX,FELONY,40.571571,-73.9817
01/07/2025,FRAUD,BRONX,VIOLATION,40.759405,-73.767968
12/12/2022,FRAUD,BRONX,MISDEMEANOR,40.729647,-73.931684
08/01/2023,FRAUD,BRONX,MISDEMEANOR,40.866895,-74.103375
10/31/2022,FRAUD,BRONX,MISDEMEANOR,40.638014,-73.814704
02/18/2024,FRAUD,BRONX,MISDEMEANOR,40.57532,-74.058873
09/02/2024,FRAUD,BRONX,FELONY,40.51757,-74.035485
11/07/2024,GRAND LARCENY,BRONX,MISDEMEANOR,40.778279,-74.132598
04/13/2023,GRAND LARCENY,BRONX,MISDEMEANOR,40.837897,-73.837471
03/10/2024,GRAND LARCENY,BRONX,FELONY,40.810179,-73.905897
07/24/2023,GRAND LARCENY,BRONX,MISDEMEANOR,40.824907,-73.962755
11/14/2024,GRAND LARCENY,BRONX,MISDEMEANOR,40.662007,-74.238357
12/14/2022,GRAND LARCENY,BRONX,MISDEMEANOR,40.812628,-74.094406
02/06/2024,GRAND LARCENY,BRONX,FELONY,40.779353,-74.008559
09/21/2023,GRAND LARCENY,BRONX,FELONY,40.691597,-73.807307
03/18/2025,GRAND LARCENY,BRONX,FELONY,40.731727,-74.236572
06/29/2025,GRAND LARCENY,BRONX,VIOLATION,40.565538,-74.132942
12/21/2024,GRAND LARCENY,BRONX,FELONY,40.516866,-74.010014
01/15/2024,GRAND LARCENY,BRONX,MISDEMEANOR,40.580716,-73.993082
03/28/2025,GRAND LARCENY,BRONX,FELONY,40.896532,-74.058484
07/14/2023,GRAND LARCENY,BRONX,MISDEMEANOR,40.78109,-73.73328
02/15/2025,GRAND LARCENY,BRONX,MISDEMEANOR,40.523503,-74.147936
05/07/2025,GRAND LARCENY,BRONX,MISDEMEANOR,40.718842,-74.070038
01/22/2023,GRAND LARCENY,BRONX,FELONY,40.72279,-74.101773
05/27/2025,GRAND LARCENY,BRONX,MISDEMEANOR,40.738224,-73.831766
09/24/2023,GRAND LARCENY,BRONX,MISDEMEANOR,40.794699,-74.06449
02/24/2025,GRAND LARCENY,BRONX,MISDEMEANOR,40.741105,-74.012383
03/13/2025,GRAND LARCENY,BRONX,MISDEMEANOR,40.842674,-74.224851
11/24/2024,GRAND LARCENY,BRONX,MISDEMEANOR,40.775861,-73.995988
08/14/2023,GRAND LARCENY,BRONX,MISDEMEANOR,40.715505,-73.862699
12/17/2024,GRAND LARCENY,BRONX,MISDEMEANOR,40.522902,-74.047412
05/30/2024,GRAND LARCENY,BRONX,MISDEMEANOR,40.536219,-74.192098
06/19/2024,GRAND LARCENY,BRONX,MISDEMEANOR,40.619866,-74.08371
04/03/2024,GRAND LARCENY,BRONX,MISDEMEANOR,40.829855,-73.757436
12/11/2022,GRAND LARCENY,BRONX,FELONY,40.69481,-73.786443
06/17/2025,GRAND LARCENY,BRONX,FELONY,40.884062,-74.209373
09/13/2022,GRAND LARCENY,BRONX,FELONY,40.534218,-73.999594
04/26/2024,GRAND LARCENY,BRONX,MISDEMEANOR,40.8184,-74.230333
02/15/2023,GRAND LARCENY,BRONX,FELONY,40.580574,-74.102851
03/28/2024,GRAND LARCENY,BRONX,FELONY,40.757624,-73.990121
01/04/2025,GRAND LARCENY,BRONX,MISDEMEANOR,40.637004,-73.759975
09/08/2022,GRAND LARCENY,BRONX,FELONY,40.837404,-74.199197
11/08/2024,GRAND LARCENY,BRONX,MISDEMEANOR,40.559727,-73.978753
04/02/2023,GRAND LARCENY,BRONX,MISDEMEANOR,40.596245,-73.776705
04/29/2024,PETIT LARCENY,BRONX,FELONY,40.856664,-74.129857
08/09/2023,PETIT LARCENY,BRONX,FELONY,40.756479,-73.864876
01/11/2023,PETIT LARCENY,BRONX,MISDEMEANOR,40.732646,-74.032071
01/23/2024,PETIT LARCENY,BRONX,VIOLATION,40.505914,-73.958312
08/04/2022,PETIT LARCENY,BRONX,MISDEMEANOR,40.738265,-74.027688
10/01/2022,PETIT LARCENY,BRONX,MISDEMEANOR,40.591486,-74.162524
09/23/2023,PETIT LARCENY,BRONX,FELONY,40.707167,-74.249097
10/26/2022,PETIT LARCENY,BRONX,VIOLATION,40.743588,-74.068178
06/11/2024,PETIT LARCENY,BRONX,FELONY,40.891109,-73.79166
05/28/2023,PETIT LARCENY,BRONX,FELONY,40.563106,-74.058829
03/03/2025,PETIT LARCENY,BRONX,MISDEMEANOR,40.809811,-73.930439
06/02/2024,PETIT LARCENY,BRONX,FELONY,40.790001,-73.952081
01/23/2023,PETIT LARCENY,BRONX,FELONY,40.510505,-73.944308
02/19/2023,PETIT LARCENY,BRONX,FELONY,40.577166,-74.084744
05/09/2023,PETIT LARCENY,BRONX,MISDEMEANOR,40.726162,-73.851873
06/05/2023,PETIT LARCENY,BRONX,MISDEMEANOR,40.646668,-73.986094
04/22/2023,PETIT LARCENY,BRONX,MISDEMEANOR,40.86511,-74.169609
08/24/2022,PETIT LARCENY,BRONX,MISDEMEANOR,40.779795,-74.042766
08/07/2023,PETIT LARCENY,BRONX,MISDEMEANOR,40.691295,-73.718307
03/07/2023,PETIT LARCENY,BRONX,MISDEMEANOR,40.75132,-74.240864
08/23/2022,PETIT LARCENY,BRONX,FELONY,40.673759,-74.248495
06/17/2023,PETIT LARCENY,BRONX,MISDEMEANOR,40.645369,-73.93115
08/31/2024,PETIT LARCENY,BRONX,MISDEMEANOR,40.794047,-74.014331
03/15/2023,PETIT LARCENY,BRONX,FELONY,40.75012,-73.945545
06/01/2024,PETIT LARCENY,BRONX,FELONY,40.718555,-73.730071
11/21/2023,PETIT LARCENY,BRONX,FELONY,40.622293,-74.035355
09/30/2024,PETIT LARCENY,BRONX,FELONY,40.840316,-74.144291
11/21/2022,PETIT LARCENY,BRONX,MISDEMEANOR,40.699881,-74.239086
04/09/2023,PETIT LARCENY,BRONX,MISDEMEANOR,40.782721,-74.040754
12/26/2023,PETIT LARCENY,BRONX,MISDEMEANOR,40.752944,-73.705075
11/03/2023,PETIT LARCENY,BRONX,FELONY,40.558849,-74.149772
10/02/2024,ROBBERY,BRONX,MISDEMEANOR,40.726989,-73.825298
11/14/2024,ROBBERY,BRONX,FELONY,40.835095,-74.222579
10/10/2023,ROBBERY,BRONX,FELONY,40.696732,-73.775171
11/17/2022,ROBBERY,BRONX,FELONY,40.666808,-73.976856
09/16/2023,ROBBERY,BRONX,VIOLATION,40.860505,-74.007286
07/15/2025,ROBBERY,BRONX,FELONY,40.798084,-74.221177
06/20/2023,ROBBERY,BRONX,FELONY,40.75327,-73.770945
05/21/2023,ROBBERY,BRONX,FELONY,40.617094,-74.167055
07/22/2023,ROBBERY,BRONX,MISDEMEANOR,40.568785,-74.168117
03/20/2024,ROBBERY,BRONX,FELONY,40.732971,-74.110593
11/03/2022,ROBBERY,BRONX,MISDEMEANOR,40.838963,-74.215698
05/15/2024,ROBBERY,BRONX,MISDEMEANOR,40.546352,-74.212537
04/13/2023,ROBBERY,BRONX,MISDEMEANOR,40.609738,-73.749523
01/04/2025,ROBBERY,BRONX,MISDEMEANOR,40.6085,-74.044408
02/15/2023,ROBBERY,BRONX,VIOLATION,40.800738,-73.935291
03/06/2025,ROBBERY,BRONX,FELONY,40.791326,-74.238818
01/19/2024,ROBBERY,BRONX,MISDEMEANOR,40.592865,-73.707003
07/17/2024,ROBBERY,BRONX,MISDEMEANOR,40.883523,-74.158859
10/01/2022,ROBBERY,BRONX,FELONY,40.560633,-74.210469
10/07/2022,ROBBERY,BRONX,MISDEMEANOR,40.758847,-74.191289
09/22/2023,ROBBERY,BRONX,FELONY,40.58453,-73.749299
02/25/2025,ROBBERY,BRONX,VIOLATION,40.772774,-73.9948
03/04/2024,ROBBERY,BRONX,MISDEMEANOR,40.603085,-74.23946
11/05/2023,ROBBERY,BRONX,MISDEMEANOR,40.884362,-73.719612
03/21/2024,ROBBERY,BRONX,MISDEMEANOR,40.518814,-73.907937
03/01/2024,ROBBERY,BRONX,FELONY,40.842789,-73.758748
07/17/2023,ROBBERY,BRONX,FELONY,40.833108,-73.775852
03/25/2023,ROBBERY,BRONX,FELONY,40.781006,-73.708105
03/16/2024,ROBBERY,BRONX,FELONY,40.57882,-74.080126
12/07/2024,ROBBERY,BRONX,MISDEMEANOR,40.615031,-74.180588
03/07/2024,ROBBERY,BRONX,FELONY,40.83266,-74.136046
03/08/2024,ROBBERY,BRONX,MISDEMEANOR,40.555129,-74.174336
09/01/2023,ROBBERY,BRONX,FELONY,40.545166,-74.238849
12/07/2023,ROBBERY,BRONX,FELONY,40.594487,-73.820298
06/12/2024,ROBBERY,BRONX,MISDEMEANOR,40.575548,-74.240553
08/25/2022,ROBBERY,BRONX,FELONY,40.781334,-73.888269
08/06/2022,ROBBERY,BRONX,FELONY,40.616664,-73.941647
04/05/2025,ROBBERY,BRONX,MISDEMEANOR,40.733474,-74.204611
12/07/2023,ROBBERY,BRONX,FELONY,40.554588,-73.90427
12/08/2023,ROBBERY,BRONX,MISDEMEANOR,40.787786,-73.779961
02/19/2025,ROBBERY,BRONX,FELONY,40.663253,-74.102478
03/20/2024,ROBBERY,BRONX,FELONY,40.85442,-74.115771
07/02/2024,ROBBERY,BRONX,MISDEMEANOR,40.573575,-74.014096
04/14/2024,ROBBERY,BRONX,FELONY,40.784003,-74.15834
03/20/2023,ROBBERY,BRONX,FELONY,40.76264,-73.89882
05/06/2024,ROBBERY,BRONX,FELONY,40.811196,-73.900326
01/07/2025,VANDALISM,BRONX,FELONY,40.720507,-73.861391
12/10/2022,VANDALISM,BRONX,MISDEMEANOR,40.70983,-73.963015
10/20/2022,VANDALISM,BRONX,VIOLATION,40.741591,-74.249962
01/01/2023,VANDALISM,BRONX,MISDEMEANOR,40.580675,-73.976602
10/22/2024,VANDALISM,BRONX,MISDEMEANOR,40.696081,-73.862736
02/11/2025,VANDALISM,BRONX,FELONY,40.637576,-73.858136
09/05/2024,VANDALISM,BRONX,MISDEMEANOR,40.725891,-74.182572
07/06/2025,VANDALISM,BRONX,VIOLATION,40.60359,-74.084092
01/10/2025,VANDALISM,BRONX,MISDEMEANOR,40.86258,-74.170952
02/28/2023,VANDALISM,BRONX,VIOLATION,40.617497,-74.099612
01/17/2024,VANDALISM,BRONX,FELONY,40.697289,-73.93492
07/25/2024,VANDALISM,BRONX,FELONY,40.815203,-74.072753
07/31/2022,VANDALISM,BRONX,FELONY,40.592375,-73.921457
10/13/2023,VANDALISM,BRONX,FELONY,40.715948,-73.854345
06/09/2024,VANDALISM,BRONX,FELONY,40.66512,-73.767136
11/28/2024,VANDALISM,BRONX,MISDEMEANOR,40.605674,-74.053435
11/26/2022,VANDALISM,BRONX,FELONY,40.552556,-73.897353
01/15/2023,VANDALISM,BRONX,FELONY,40.605525,-73.785319
11/11/2024,VANDALISM,BRONX,MISDEMEANOR,40.53785,-74.130693
07/31/2024,VANDALISM,BRONX,MISDEMEANOR,40.848428,-74.08179
02/06/2023,VANDALISM,BRONX,MISDEMEANOR,40.569647,-73.99217
05/08/2023,VANDALISM,BRONX,MISDEMEANOR,40.777817,-73.750133
10/19/2022,VANDALISM,BRONX,FELONY,40.761781,-74.205596
04/26/2025,VANDALISM,BRONX,FELONY,40.634446,-74.129202
01/02/2024,VANDALISM,BRONX,FELONY,40.780511,-73.98972
02/19/2023,VANDALISM,BRONX,FELONY,40.722687,-73.991593
01/02/2023,VANDALISM,BRONX,VIOLATION,40.54046,-73.906579
11/23/2024,VANDALISM,BRONX,FELONY,40.68583,-73.783545
04/15/2024,VANDALISM,BRONX,VIOLATION,40.778684,-74.190537
04/29/2023,VANDALISM,BRONX,MISDEMEANOR,40.503712,-73.995952
07/07/2024,VANDALISM,BRONX,FELONY,40.863848,-74.241325
04/17/2025,VANDALISM,BRONX,FELONY,40.792607,-74.0418
03/25/2024,VANDALISM,BRONX,FELONY,40.552351,-73.885905
08/26/2022,VANDALISM,BRONX,FELONY,40.539117,-73.791338
01/06/2023,VANDALISM,BRONX,FELONY,40.819673,-74.205645
01/26/2025,VANDALISM,BRONX,FELONY,40.696846,-73.934076
03/05/2024,VEHICLE THEFT,BRONX,FELONY,40.886186,-73.98274
01/25/2023,VEHICLE THEFT,BRONX,MISDEMEANOR,40.698162,-73.745624
12/26/2024,VEHICLE THEFT,BRONX,MISDEMEANOR,40.524904,-73.897458
10/31/2022,VEHICLE THEFT,BRONX,FELONY,40.576191,-74.053895
07/16/2022,VEHICLE THEFT,BRONX,MISDEMEANOR,40.885854,-73.702279
08/18/2022,VEHICLE THEFT,BRONX,FELONY,40.500148,-74.134443
02/13/2025,VEHICLE THEFT,BRONX,MISDEMEANOR,40.584008,-74.047668
01/25/2023,VEHICLE THEFT,BRONX,MISDEMEANOR,40.778216,-73.974166
04/23/2025,VEHICLE THEFT,BRONX,FELONY,40.74155,-73.817304
10/17/2022,VEHICLE THEFT,BRONX,FELONY,40.670783,-73.853145
03/06/2025,VEHICLE THEFT,BRONX,MISDEMEANOR,40.79887,-73.852895
05/16/2023,VEHICLE THEFT,BRONX,MISDEMEANOR,40.546821,-73.73272
03/23/2025,VEHICLE THEFT,BRONX,FELONY,40.55309,-73.761405
07/02/2025,VEHICLE THEFT,BRONX,MISDEMEANOR,40.85421,-73.859221
08/16/2023,VEHICLE THEFT,BRONX,FELONY,40.857094,-73.778422
08/16/2024,VEHICLE THEFT,BRONX,VIOLATION,40.740102,-73.936361
11/12/2023,VEHICLE THEFT,BRONX,FELONY,40.792202,-73.881076
04/03/2023,VEHICLE THEFT,BRONX,FELONY,40.662037,-73.928201
06/06/2025,VEHICLE THEFT,BRONX,FELONY,40.593379,-73.955304
11/02/2022,VEHICLE THEFT,BRONX,FELONY,40.630676,-73.840316
03/17/2023,VEHICLE THEFT,BRONX,FELONY,40.546706,-74.247094
08/09/2022,VEHICLE THEFT,BRONX,FELONY,40.500066,-73.83512
09/18/2022,VEHICLE THEFT,BRONX,MISDEMEANOR,40.870003,-74.215197
12/11/2024,VEHICLE THEFT,BRONX,MISDEMEANOR,40.667158,-73.762644
11/18/2022,VEHICLE THEFT,BRONX,VIOLATION,40.738905,-74.207639
06/24/2024,VEHICLE THEFT,BRONX,VIOLATION,40.552127,-73.78305
11/17/2022,VEHICLE THEFT,BRONX,MISDEMEANOR,40.678821,-74.242057
10/07/2022,VEHICLE THEFT,BRONX,FELONY,40.628996,-74.009606
03/07/2024,VEHICLE THEFT,BRONX,FELONY,40.811776,-74.241707
11/04/2024,VEHICLE THEFT,BRONX,FELONY,40.764949,-73.929457
06/04/2023,VEHICLE THEFT,BRONX,FELONY,40.820605,-73.890222
01/05/2024,VEHICLE THEFT,BRONX,FELONY,40.658464,-74.119185
07/23/2022,VEHICLE THEFT,BRONX,FELONY,40.739034,-73.735029
09/20/2024,VEHICLE THEFT,BRONX,FELONY,40.784901,-74.045907
06/30/2023, ASSAULT,BROOKLYN,FELONY,40.839571,-74.016901
03/22/2023, ASSAULT,BROOKLYN,MISDEMEANOR,40.824261,-73.924378
09/07/2024, ASSAULT,BROOKLYN,MISDEMEANOR,40.585199,-74.074177
10/29/2023, ASSAULT,BROOKLYN,MISDEMEANOR,40.880512,-73.919101
08/25/2024, ASSAULT,BROOKLYN,FELONY,40.75445,-73.737845
01/20/2023, ASSAULT,BROOKLYN,FELONY,40.880442,-74.156053
01/02/2024, ASSAULT,BROOKLYN,MISDEMEANOR,40.612435,-73.805114
04/27/2023, ASSAULT,BROOKLYN,FELONY,40.627656,-74.177838
10/16/2023, BURGLARY,BROOKLYN,MISDEMEANOR,40.663743,-73.766261
08/01/2024, BURGLARY,BROOKLYN,VIOLATION,40.592415,-74.23678
02/19/2023, BURGLARY,BROOKLYN,VIOLATION,40.512794,-73.893059
08/15/2024, BURGLARY,BROOKLYN,FELONY,40.848657,-73.914385
04/28/2024, BURGLARY,BROOKLYN,MISDEMEANOR,40.859858,-73.785155
01/08/2023, BURGLARY,BROOKLYN,MISDEMEANOR,40.826684,-73.828526
01/29/2024, BURGLARY,BROOKLYN,MISDEMEANOR,40.563839,-73.916923
12/22/2022, BURGLARY,BROOKLYN,FELONY,40.739101,-73.846296
11/17/2024, BURGLARY,BROOKLYN,FELONY,40.750956,-73.971345
05/21/2025, DRUG POSSESSION,BROOKLYN,FELONY,40.858461,-73.955113
06/05/2024, DRUG POSSESSION,BROOKLYN,VIOLATION,40.698843,-73.784687
12/16/2024, DRUG POSSESSION,BROOKLYN,MISDEMEANOR,40.821323,-73.976529
07/05/2025, DRUG POSSESSION,BROOKLYN,MISDEMEANOR,40.523082,-74.187827
11/18/2023, DRUG POSSESSION,BROOKLYN,MISDEMEANOR,40.814156,-74.024486
10/13/2022, DRUG POSSESSION,BROOKLYN,FELONY,40.538741,-73.736052
11/24/2022, FRAUD,BROOKLYN,FELONY,40.618077,-73.866476
04/25/2024, FRAUD,BROOKLYN,FELONY,40.856365,-73.767514
03/15/2024, FRAUD,BROOKLYN,FELONY,40.526674,-74.196434
09/23/2022, FRAUD,BROOKLYN,MISDEMEANOR,40.865135,-74.226483
08/09/2024, FRAUD,BROOKLYN,MISDEMEANOR,40.762859,-73.988721
11/02/2022, FRAUD,BROOKLYN,FELONY,40.784197,-73.949568
07/25/2024, FRAUD,BROOKLYN,VIOLATION,40.725088,-74.088501
02/14/2024, FRAUD,BROOKLYN,FELONY,40.586467,-74.005388
01/11/2025, GRAND LARCENY,BROOKLYN,FELONY,40.767782,-73.996327
03/01/2025, GRAND LARCENY,BROOKLYN,FELONY,40.831375,-73.84594
12/11/2024, GRAND LARCENY,BROOKLYN,FELONY,40.866324,-74.008014
02/04/2024, GRAND LARCENY,BROOKLYN,FELONY,40.77514,-74.098406
02/03/2025, GRAND LARCENY,BROOKLYN,MISDEMEANOR,40.548672,-73.708837
04/24/2023, PETIT LARCENY,BROOKLYN,FELONY,40.832698,-74.235011
08/27/2023, PETIT LARCENY,BROOKLYN,FELONY,40.540766,-73.848931
05/15/2024, PETIT LARCENY,BROOKLYN,MISDEMEANOR,40.77009,-73.83289
02/09/2024, PETIT LARCENY,BROOKLYN,VIOLATION,40.822871,-74.16383
01/03/2025, PETIT LARCENY,BROOKLYN,MISDEMEANOR,40.51052,-74.074634
01/26/2023, PETIT LARCENY,BROOKLYN,FELONY,40.788227,-74.09836
05/11/2025, PETIT LARCENY,BROOKLYN,FELONY,40.542011,-73.788355
12/11/2023, ROBBERY,BROOKLYN,FELONY,40.740429,-73.828199
02/13/2025, ROBBERY,BROOKLYN,FELONY,40.635721,-74.064245
12/08/2022, ROBBERY,BROOKLYN,MISDEMEANOR,40.62097,-74.147396
06/08/2024, ROBBERY,BROOKLYN,MISDEMEANOR,40.543756,-74.073375
03/01/2023, ROBBERY,BROOKLYN,FELONY,40.80294,-74.068527
02/17/2025, VANDALISM,BROOKLYN,MISDEMEANOR,40.784979,-73.936922
06/11/2024, VANDALISM,BROOKLYN,VIOLATION,40.760074,-73.904574
07/13/2023, VANDALISM,BROOKLYN,VIOLATION,40.660129,-74.19321
04/09/2024, VANDALISM,BROOKLYN,FELONY,40.665577,-73.993153
05/07/2023, VANDALISM,BROOKLYN,MISDEMEANOR,40.644308,-73.96912
03/16/2025, VANDALISM,BROOKLYN,FELONY,40.596295,-73.857851
07/31/2022, VANDALISM,BROOKLYN,MISDEMEANOR,40.805396,-73.936449
11/24/2022, VANDALISM,BROOKLYN,FELONY,40.559637,-73.921001
07/31/2022, VEHICLE THEFT,BROOKLYN,FELONY,40.65657,-74.201751
09/10/2024, VEHICLE THEFT,BROOKLYN,FELONY,40.653536,-73.995286
02/17/2025, VEHICLE THEFT,BROOKLYN,MISDEMEANOR,40.827379,-73.746844
08/16/2023, VEHICLE THEFT,BROOKLYN,FELONY,40.841916,-73.730991
09/30/2024, VEHICLE THEFT,BROOKLYN,FELONY,40.823742,-73.994259
09/10/2024, VEHICLE THEFT,BROOKLYN,MISDEMEANOR,40.781066,-73.829763
09/12/2024, VEHICLE THEFT,BROOKLYN,MISDEMEANOR,40.677025,-73.907384
05/01/2024, VEHICLE THEFT,BROOKLYN,FELONY,40.542896,-73.731971
07/29/2022, VEHICLE THEFT,BROOKLYN,FELONY,40.885939,-73.930434
02/18/2023,ASSAULT,BROOKLYN,VIOLATION,40.836984,-73.756005
12/19/2022,ASSAULT,BROOKLYN,VIOLATION,40.52322,-73.878089
05/08/2023,ASSAULT,BROOKLYN,VIOLATION,40.615812,-74.032864
01/13/2025,ASSAULT,BROOKLYN,MISDEMEANOR,40.684294,-74.045773
07/27/2023,ASSAULT,BROOKLYN,FELONY,40.831976,-74.21946
01/12/2023,ASSAULT1,BROOKLYN,FELONY,40.551234,-73.770899
05/07/2024,ASSAULT1,BROOKLYN,MISDEMEANOR,40.641385,-73.924935
04/22/2023,ASSAULT1,BROOKLYN,FELONY,40.556822,-74.078426
01/27/2025,ASSAULT1,BROOKLYN,VIOLATION,40.882626,-73.75702
05/31/2025,ASSAULT1,BROOKLYN,FELONY,40.798958,-74.244999
01/13/2025,ASSAULT1,BROOKLYN,MISDEMEANOR,40.547562,-74.013626
10/05/2024,ASSAULT1,BROOKLYN,MISDEMEANOR,40.80958,-73.810768
09/19/2023,ASSAULT1,BROOKLYN,VIOLATION,40.539285,-74.191951
08/27/2024,ASSAULT1,BROOKLYN,MISDEMEANOR,40.5742,-74.175789
09/18/2024,ASSAULT,BROOKLYN,MISDEMEANOR,40.593342,-73.945706
11/12/2024,ASSAULT,BROOKLYN,FELONY,40.666098,-74.084973
08/09/2022,ASSAULT,BROOKLYN,MISDEMEANOR,40.500318,-73.852241
06/12/2023,ASSAULT,BROOKLYN,FELONY,40.636462,-73.974289
08/01/2024,ASSAULT,BROOKLYN,VIOLATION,40.756732,-73.752615
07/03/2024,ASSAULT,BROOKLYN,FELONY,40.567761,-74.04896
09/10/2022,ASSAULT,BROOKLYN,FELONY,40.664215,-74.055839
05/10/2024,ASSAULT,BROOKLYN,MISDEMEANOR,40.585138,-73.75471
07/05/2025,ASSAULT,BROOKLYN,MISDEMEANOR,40.568668,-74.016671
10/23/2022,ASSAULT,BROOKLYN,MISDEMEANOR,40.521462,-74.094841
08/15/2022,ASSAULT,BROOKLYN,MISDEMEANOR,40.596717,-73.866918
09/18/2022,ASSAULT,BROOKLYN,MISDEMEANOR,40.728867,-73.76164
01/16/2023,ASSAULT,BROOKLYN,FELONY,40.836005,-74.147553
04/11/2024,ASSAULT,BROOKLYN,MISDEMEANOR,40.743259,-74.227619
03/26/2025,ASSAULT,BROOKLYN,FELONY,40.522298,-73.867991
07/02/2025,ASSAULT,BROOKLYN,FELONY,40.641934,-74.121261
02/24/2025,ASSAULT,BROOKLYN,FELONY,40.88681,-73.864147
03/01/2023,BURGLARY,BROOKLYN,MISDEMEANOR,40.587509,-73.800584
04/27/2023,BURGLARY,BROOKLYN,MISDEMEANOR,40.641109,-74.230651
03/05/2023,BURGLARY,BROOKLYN,FELONY,40.726405,-73.742416
01/17/2025,BURGLARY,BROOKLYN,FELONY,40.720311,-73.842517
05/14/2023,BURGLARY,BROOKLYN,MISDEMEANOR,40.599509,-74.093494
11/11/2023,BURGLARY,BROOKLYN,FELONY,40.869424,-73.739608
12/02/2024,BURGLARY,BROOKLYN,MISDEMEANOR,40.768559,-73.990894
10/06/2023,BURGLARY,BROOKLYN,FELONY,40.50909,-73.846436
09/14/2022,BURGLARY_dev,BROOKLYN,FELONY,40.733397,-73.901272
11/08/2024,BURGLARY_dev,BROOKLYN,VIOLATION,40.73943,-73.758004
12/26/2022,BURGLARY_dev,BROOKLYN,MISDEMEANOR,40.621205,-73.936195
02/13/2024,BURGLARY_dev,BROOKLYN,MISDEMEANOR,40.63811,-73.777396
10/12/2022,BURGLARY_dev,BROOKLYN,MISDEMEANOR,40.663392,-73.942566
10/21/2023,BURGLARY_dev,BROOKLYN,MISDEMEANOR,40.648121,-73.743559
07/23/2024,BURGLARY_dev,BROOKLYN,FELONY,40.759075,-73.812708
11/03/2023,BURGLARY_dev,BROOKLYN,FELONY,40.517891,-73.756055
01/13/2024,BURGLARY_dev,BROOKLYN,FELONY,40.679968,-74.009574
03/17/2025,BURGLARY,BROOKLYN,FELONY,40.754402,-73.946041
10/18/2024,BURGLARY,BROOKLYN,MISDEMEANOR,40.676493,-73.760311
06/12/2025,BURGLARY,BROOKLYN,MISDEMEANOR,40.832367,-74.076135
11/19/2024,BURGLARY,BROOKLYN,FELONY,40.607821,-73.99128
09/15/2023,BURGLARY,BROOKLYN,MISDEMEANOR,40.50184,-74.029425
01/06/2024,BURGLARY,BROOKLYN,VIOLATION,40.850554,-73.95318
10/12/2022,BURGLARY,BROOKLYN,MISDEMEANOR,40.64662,-73.814649
01/23/2023,BURGLARY,BROOKLYN,FELONY,40.665806,-73.914527
12/16/2023,BURGLARY,BROOKLYN,FELONY,40.735273,-74.228221
01/13/2024,BURGLARY,BROOKLYN,MISDEMEANOR,40.838747,-74.094379
03/24/2023,BURGLARY,BROOKLYN,FELONY,40.509246,-73.833958
07/21/2022,BURGLARY,BROOKLYN,FELONY,40.664066,-73.833602
03/14/2025,BURGLARY,BROOKLYN,FELONY,40.673088,-73.980762
03/13/2024,BURGLARY,BROOKLYN,FELONY,40.598002,-74.170004
09/17/2024,BURGLARY,BROOKLYN,FELONY,40.546166,-73.845078
12/19/2022,DRUG POSSESSION,BROOKLYN,MISDEMEANOR,40.551689,-73.749284
09/13/2024,DRUG POSSESSION,BROOKLYN,MISDEMEANOR,40.679862,-73.970106
03/31/2024,DRUG POSSESSION,BROOKLYN,FELONY,40.744387,-73.772967
12/17/2022,DRUG POSSESSION,BROOKLYN,FELONY,40.811182,-73.831231
05/03/2024,DRUG POSSESSION,BROOKLYN,MISDEMEANOR,40.796519,-74.20514
09/02/2024,DRUG POSSESSION,BROOKLYN,FELONY,40.875306,-74.034147
05/10/2024,DRUG POSSESSION,BROOKLYN,MISDEMEANOR,40.509233,-73.904839
12/03/2023,DRUG POSSESSION,BROOKLYN,FELONY,40.667794,-73.721495
05/25/2025,DRUG POSSESSION,BROOKLYN,VIOLATION,40.89735,-74.101084
08/20/2024,DRUG POSSESSION,BROOKLYN,MISDEMEANOR,40.697524,-73.889794
06/12/2023,DRUG POSSESSION,BROOKLYN,FELONY,40.726414,-73.819923
11/24/2023,DRUG POSSESSION,BROOKLYN,FELONY,40.769005,-73.857304
01/19/2025,DRUG POSSESSION,BROOKLYN,FELONY,40.574706,-73.919845
01/02/2024,DRUG POSSESSION,BROOKLYN,MISDEMEANOR,40.872328,-73.729351
04/04/2023,DRUG POSSESSION,BROOKLYN,FELONY,40.832837,-73.966621
12/09/2023,DRUG POSSESSION,BROOKLYN,FELONY,40.638328,-73.8316
10/28/2024,DRUG POSSESSION,BROOKLYN,MISDEMEANOR,40.553447,-73.846619
12/19/2024,DRUG POSSESSION,BROOKLYN,FELONY,40.558757,-73.765908
09/13/2022,DRUG POSSESSION,BROOKLYN,MISDEMEANOR,40.870353,-74.060921
11/01/2024,DRUG POSSESSION,BROOKLYN,MISDEMEANOR,40.740635,-74.052445
04/16/2023,DRUG POSSESSION,BROOKLYN,FELONY,40.598925,-73.878397
11/13/2022,DRUG POSSESSION,BROOKLYN,MISDEMEANOR,40.73203,-74.190706
04/26/2025,DRUG POSSESSION,BROOKLYN,FELONY,40.621283,-73.827346
10/04/2023,DRUG POSSESSION,BROOKLYN,FELONY,40.749599,-74.054079
04/13/2023,DRUG POSSESSION,BROOKLYN,VIOLATION,40.64761,-74.160305
07/24/2022,DRUG POSSESSION,BROOKLYN,MISDEMEANOR,40.743351,-73.720965
04/09/2024,DRUG POSSESSION,BROOKLYN,MISDEMEANOR,40.547427,-73.966491
10/11/2024,DRUG POSSESSION,BROOKLYN,VIOLATION,40.564328,-74.182297
09/16/2022,DRUG POSSESSION,BROOKLYN,FELONY,40.583274,-74.125497
09/26/2024,DRUG POSSESSION,BROOKLYN,MISDEMEANOR,40.570764,-73.89881
07/15/2025,FRAUD,BROOKLYN,FELONY,40.792596,-74.185576
06/10/2024,FRAUD,BROOKLYN,VIOLATION,40.750697,-74.043436
08/02/2024,FRAUD,BROOKLYN,FELONY,40.722368,-73.951106
04/19/2025,FRAUD,BROOKLYN,MISDEMEANOR,40.871861,-74.064047
02/08/2023,FRAUD,BROOKLYN,FELONY,40.700148,-73.942221
02/02/2023,FRAUD,BROOKLYN,MISDEMEANOR,40.592405,-73.805635
09/19/2022,FRAUD,BROOKLYN,FELONY,40.803944,-73.947284
01/28/2024,FRAUD,BROOKLYN,MISDEMEANOR,40.745995,-73.942671
03/23/2025,FRAUD,BROOKLYN,VIOLATION,40.853342,-74.225626
01/09/2023,FRAUD,BROOKLYN,MISDEMEANOR,40.596394,-73.979157
08/13/2024,FRAUD,BROOKLYN,MISDEMEANOR,40.621313,-74.142696
12/26/2022,FRAUD,BROOKLYN,MISDEMEANOR,40.888829,-73.768879
03/02/2023,FRAUD,BROOKLYN,FELONY,40.807078,-73.91321
10/27/2023,FRAUD,BROOKLYN,VIOLATION,40.786718,-74.168019
10/01/2022,FRAUD,BROOKLYN,FELONY,40.658008,-73.806666
12/06/2023,FRAUD,BROOKLYN,MISDEMEANOR,40.682783,-74.021886
06/22/2023,FRAUD,BROOKLYN,MISDEMEANOR,40.506961,-73.833173
05/31/2024,FRAUD,BROOKLYN,FELONY,40.586943,-73.943426
10/14/2022,FRAUD,BROOKLYN,MISDEMEANOR,40.631773,-74.190061
04/10/2024,FRAUD,BROOKLYN,MISDEMEANOR,40.505941,-74.086801
09/08/2023,FRAUD,BROOKLYN,FELONY,40.691245,-74.034335
03/20/2024,FRAUD,BROOKLYN,MISDEMEANOR,40.62159,-73.863079
10/14/2023,FRAUD,BROOKLYN,FELONY,40.755214,-74.160323
10/12/2024,FRAUD,BROOKLYN,MISDEMEANOR,40.827611,-73.713057
07/22/2022,FRAUD,BROOKLYN,FELONY,40.790242,-73.869573
02/21/2023,FRAUD,BROOKLYN,FELONY,40.816817,-73.827841
11/20/2024,FRAUD,BROOKLYN,FELONY,40.596515,-74.075403
12/19/2023,FRAUD,BROOKLYN,FELONY,40.527428,-74.011206
04/03/2023,FRAUD,BROOKLYN,MISDEMEANOR,40.528712,-73.983636
07/02/2023,FRAUD,BROOKLYN,MISDEMEANOR,40.517689,-74.155776
02/19/2025,FRAUD,BROOKLYN,FELONY,40.745651,-74.078502
07/14/2025,FRAUD,BROOKLYN,FELONY,40.844042,-74.21098
03/02/2025,GRAND LARCENY,BROOKLYN,MISDEMEANOR,40.73592,-73.727629
07/15/2025,GRAND LARCENY,BROOKLYN,FELONY,40.544956,-74.060553
05/04/2023,GRAND LARCENY,BROOKLYN,FELONY,40.79161,-74.084273
02/24/2024,GRAND LARCENY,BROOKLYN,FELONY,40.586665,-74.029787
06/08/2024,GRAND LARCENY,BROOKLYN,FELONY,40.710121,-73.79956
09/28/2022,GRAND LARCENY,BROOKLYN,FELONY,40.819572,-73.816122
07/29/2024,GRAND LARCENY,BROOKLYN,FELONY,40.606063,-74.157924
06/02/2023,GRAND LARCENY,BROOKLYN,FELONY,40.596719,-73.927065
05/19/2023,GRAND LARCENY,BROOKLYN,MISDEMEANOR,40.565422,-73.94353
04/06/2024,GRAND LARCENY,BROOKLYN,FELONY,40.591325,-73.977196
10/14/2023,GRAND LARCENY,BROOKLYN,MISDEMEANOR,40.681162,-74.163187
02/22/2023,GRAND LARCENY,BROOKLYN,MISDEMEANOR,40.681736,-74.107517
05/16/2023,GRAND LARCENY,BROOKLYN,FELONY,40.876685,-74.229232
02/09/2023,GRAND LARCENY,BROOKLYN,FELONY,40.839298,-74.010618
03/27/2025,GRAND LARCENY,BROOKLYN,FELONY,40.728111,-73.99278
12/01/2024,GRAND LARCENY,BROOKLYN,FELONY,40.873686,-73.99797
05/19/2025,GRAND LARCENY,BROOKLYN,MISDEMEANOR,40.899275,-74.164513
02/22/2023,GRAND LARCENY,BROOKLYN,MISDEMEANOR,40.790021,-74.016128
12/10/2023,GRAND LARCENY,BROOKLYN,FELONY,40.84752,-74.001853
01/12/2025,GRAND LARCENY,BROOKLYN,MISDEMEANOR,40.862995,-73.888016
07/15/2025,GRAND LARCENY,BROOKLYN,FELONY,40.638891,-73.886377
09/24/2024,GRAND LARCENY,BROOKLYN,FELONY,40.65067,-74.135877
01/10/2024,GRAND LARCENY,BROOKLYN,MISDEMEANOR,40.68482,-74.151971
06/22/2023,GRAND LARCENY,BROOKLYN,MISDEMEANOR,40.867017,-73.989071
02/17/2025,GRAND LARCENY,BROOKLYN,VIOLATION,40.575521,-74.240301
08/25/2023,GRAND LARCENY,BROOKLYN,FELONY,40.578965,-73.769822
01/10/2025,GRAND LARCENY,BROOKLYN,FELONY,40.814533,-74.160159
11/11/2022,GRAND LARCENY,BROOKLYN,MISDEMEANOR,40.677365,-73.765454
06/22/2024,GRAND LARCENY,BROOKLYN,MISDEMEANOR,40.852552,-73.800692
11/15/2022,GRAND LARCENY,BROOKLYN,FELONY,40.634486,-73.959752
07/12/2025,GRAND LARCENY,BROOKLYN,FELONY,40.66607,-73.976129
02/12/2023,GRAND LARCENY,BROOKLYN,FELONY,40.542557,-73.980175
11/16/2022,GRAND LARCENY,BROOKLYN,MISDEMEANOR,40.880371,-73.79484
02/25/2025,GRAND LARCENY,BROOKLYN,FELONY,40.726596,-74.200028
12/02/2022,GRAND LARCENY,BROOKLYN,FELONY,40.75081,-74.174764
08/18/2024,GRAND LARCENY,BROOKLYN,FELONY,40.528345,-73.983422
06/05/2023,GRAND LARCENY,BROOKLYN,VIOLATION,40.647325,-74.206937
07/30/2022,GRAND LARCENY,BROOKLYN,FELONY,40.756561,-73.895251
12/18/2022,GRAND LARCENY,BROOKLYN,FELONY,40.85144,-74.013025
09/21/2023,GRAND LARCENY,BROOKLYN,FELONY,40.793694,-73.984074
11/03/2023,GRAND LARCENY,BROOKLYN,FELONY,40.736042,-74.102562
07/15/2025,GRAND LARCENY,BROOKLYN,MISDEMEANOR,40.527838,-74.043014
12/01/2024,GRAND LARCENY,BROOKLYN,FELONY,40.784572,-74.0105
12/22/2024,GRAND LARCENY,BROOKLYN,FELONY,40.862938,-73.906595
10/21/2024,GRAND LARCENY,BROOKLYN,MISDEMEANOR,40.716188,-73.856428
02/29/2024,GRAND LARCENY,BROOKLYN,VIOLATION,40.561395,-74.04906
11/18/2024,GRAND LARCENY,BROOKLYN,MISDEMEANOR,40.652644,-73.896069
02/11/2023,GRAND LARCENY,BROOKLYN,MISDEMEANOR,40.718757,-73.849746
01/05/2024,GRAND LARCENY,BROOKLYN,MISDEMEANOR,40.759039,-73.981504
07/17/2024,GRAND LARCENY,BROOKLYN,FELONY,40.820049,-73.703126
04/07/2024,GRAND LARCENY,BROOKLYN,FELONY,40.523197,-74.155907
06/11/2025,GRAND LARCENY,BROOKLYN,MISDEMEANOR,40.697114,-73.994029
03/02/2023,GRAND LARCENY,BROOKLYN,MISDEMEANOR,40.533372,-74.119371
07/04/2025,GRAND LARCENY,BROOKLYN,FELONY,40.710565,-74.089107
04/03/2023,GRAND LARCENY,BROOKLYN,FELONY,40.502949,-73.972558
08/14/2023,GRAND LARCENY,BROOKLYN,MISDEMEANOR,40.874891,-74.248772
02/14/2025,GRAND LARCENY,BROOKLYN,MISDEMEANOR,40.652846,-73.762059
10/27/2023,PETIT LARCENY,BROOKLYN,MISDEMEANOR,40.898816,-73.811412
10/07/2024,PETIT LARCENY,BROOKLYN,FELONY,40.583248,-74.065743
05/07/2024,PETIT LARCENY,BROOKLYN,FELONY,40.684358,-74.068392
05/25/2025,PETIT LARCENY,BROOKLYN,MISDEMEANOR,40.706504,-74.037661
05/27/2023,PETIT LARCENY,BROOKLYN,FELONY,40.89269,-73.80736
06/06/2024,PETIT LARCENY,BROOKLYN,MISDEMEANOR,40.629868,-74.040938
11/19/2023,PETIT LARCENY,BROOKLYN,FELONY,40.537659,-73.887859
05/30/2025,PETIT LARCENY,BROOKLYN,FELONY,40.641946,-73.724802
10/28/2024,PETIT LARCENY,BROOKLYN,FELONY,40.798391,-73.73993
09/07/2023,PETIT LARCENY,BROOKLYN,MISDEMEANOR,40.638538,-74.003001
06/17/2025,PETIT LARCENY,BROOKLYN,FELONY,40.699923,-74.050197
05/03/2024,PETIT LARCENY,BROOKLYN,MISDEMEANOR,40.833055,-73.970983
04/02/2025,PETIT LARCENY,BROOKLYN,MISDEMEANOR,40.608524,-74.206859
08/28/2024,PETIT LARCENY,BROOKLYN,FELONY,40.696057,-74.056056
08/28/2024,PETIT LARCENY,BROOKLYN,FELONY,40.656986,-74.15364
08/27/2023,PETIT LARCENY,BROOKLYN,FELONY,40.729158,-73.790333
03/11/2023,PETIT LARCENY,BROOKLYN,FELONY,40.691016,-74.041583
02/09/2025,PETIT LARCENY,BROOKLYN,FELONY,40.543423,-74.11619
11/21/2024,PETIT LARCENY,BROOKLYN,FELONY,40.694552,-74.229358
11/01/2023,PETIT LARCENY,BROOKLYN,FELONY,40.603174,-73.98306
04/11/2024,PETIT LARCENY,BROOKLYN,MISDEMEANOR,40.691257,-74.202635
05/09/2025,PETIT LARCENY,BROOKLYN,FELONY,40.572814,-74.111833
01/23/2024,PETIT LARCENY,BROOKLYN,FELONY,40.51667,-73.884455
07/27/2023,PETIT LARCENY,BROOKLYN,VIOLATION,40.50715,-73.893177
05/04/2025,PETIT LARCENY,BROOKLYN,FELONY,40.750308,-73.751628
09/01/2023,PETIT LARCENY,BROOKLYN,FELONY,40.814872,-73.911773
03/28/2025,PETIT LARCENY,BROOKLYN,MISDEMEANOR,40.585605,-73.714082
03/25/2024,PETIT LARCENY,BROOKLYN,VIOLATION,40.663752,-73.734056
10/03/2024,PETIT LARCENY,BROOKLYN,FELONY,40.740335,-73.942663
06/24/2024,PETIT LARCENY,BROOKLYN,MISDEMEANOR,40.715213,-74.248145
06/27/2024,PETIT LARCENY,BROOKLYN,FELONY,40.560697,-74.202448
03/20/2023,PETIT LARCENY,BROOKLYN,FELONY,40.506113,-73.786494
04/18/2024,PETIT LARCENY,BROOKLYN,MISDEMEANOR,40.791395,-73.967726
08/05/2022,PETIT LARCENY,BROOKLYN,FELONY,40.595142,-73.820348
08/05/2023,PETIT LARCENY,BROOKLYN,FELONY,40.816858,-73.876232
01/11/2024,PETIT LARCENY,BROOKLYN,VIOLATION,40.735149,-74.212997
01/22/2024,PETIT LARCENY,BROOKLYN,MISDEMEANOR,40.614781,-74.007635
10/11/2023,PETIT LARCENY,BROOKLYN,FELONY,40.8841,-73.911668
12/30/2023,PETIT LARCENY,BROOKLYN,FELONY,40.682674,-73.715713
11/07/2022,ROBBERY,BROOKLYN,VIOLATION,40.573989,-74.181858
08/24/2023,ROBBERY,BROOKLYN,FELONY,40.603691,-74.163272
12/15/2023,ROBBERY,BROOKLYN,MISDEMEANOR,40.723342,-73.729424
03/28/2025,ROBBERY,BROOKLYN,FELONY,40.583837,-73.961517
05/04/2023,ROBBERY,BROOKLYN,MISDEMEANOR,40.706856,-73.91546
07/21/2022,ROBBERY,BROOKLYN,MISDEMEANOR,40.579401,-74.231815
07/23/2024,ROBBERY,BROOKLYN,VIOLATION,40.503237,-73.955983
04/05/2025,ROBBERY,BROOKLYN,FELONY,40.802881,-74.078354
05/22/2024,ROBBERY,BROOKLYN,MISDEMEANOR,40.846223,-73.926657
01/27/2024,ROBBERY,BROOKLYN,MISDEMEANOR,40.776927,-74.17299
09/12/2022,ROBBERY,BROOKLYN,VIOLATION,40.574001,-74.154527
07/16/2024,ROBBERY,BROOKLYN,MISDEMEANOR,40.771908,-74.222679
06/16/2025,ROBBERY,BROOKLYN,FELONY,40.807504,-73.882261
10/06/2023,ROBBERY,BROOKLYN,MISDEMEANOR,40.64681,-74.123213
04/03/2023,ROBBERY,BROOKLYN,MISDEMEANOR,40.784035,-73.759671
11/19/2023,ROBBERY,BROOKLYN,FELONY,40.616707,-74.088069
06/23/2023,ROBBERY,BROOKLYN,FELONY,40.887228,-74.199617
09/22/2022,ROBBERY,BROOKLYN,MISDEMEANOR,40.769612,-73.743484
05/05/2025,ROBBERY,BROOKLYN,FELONY,40.899933,-74.078934
07/13/2025,ROBBERY,BROOKLYN,MISDEMEANOR,40.88416,-73.893006
04/08/2023,ROBBERY,BROOKLYN,MISDEMEANOR,40.54389,-74.065585
05/24/2025,ROBBERY,BROOKLYN,MISDEMEANOR,40.583607,-73.996593
08/27/2023,ROBBERY,BROOKLYN,FELONY,40.780928,-74.226119
06/15/2025,ROBBERY,BROOKLYN,FELONY,40.540853,-74.116259
10/11/2023,ROBBERY,BROOKLYN,FELONY,40.781936,-74.077109
12/04/2024,ROBBERY,BROOKLYN,MISDEMEANOR,40.557973,-74.139275
03/22/2025,ROBBERY,BROOKLYN,FELONY,40.717228,-74.174904
07/27/2023,ROBBERY,BROOKLYN,FELONY,40.898912,-74.237828
01/28/2023,ROBBERY,BROOKLYN,FELONY,40.594612,-73.989952
01/04/2023,ROBBERY,BROOKLYN,MISDEMEANOR,40.734828,-74.147848
01/26/2023,ROBBERY,BROOKLYN,FELONY,40.760557,-73.70327
02/12/2023,ROBBERY,BROOKLYN,FELONY,40.728494,-74.0257
02/13/2025,ROBBERY,BROOKLYN,FELONY,40.567071,-74.098937
03/05/2025,ROBBERY,BROOKLYN,FELONY,40.877016,-74.033042
03/16/2023,ROBBERY,BROOKLYN,MISDEMEANOR,40.578177,-73.886376
07/23/2023,ROBBERY,BROOKLYN,FELONY,40.640435,-74.155636
09/17/2023,ROBBERY,BROOKLYN,MISDEMEANOR,40.836057,-73.71503
03/21/2025,ROBBERY,BROOKLYN,FELONY,40.578996,-73.858843
12/02/2023,ROBBERY,BROOKLYN,FELONY,40.883715,-74.167388
01/21/2024,ROBBERY,BROOKLYN,MISDEMEANOR,40.816083,-74.092443
11/22/2023,ROBBERY,BROOKLYN,MISDEMEANOR,40.89821,-74.087077
12/13/2024,VANDALISM,BROOKLYN,FELONY,40.691226,-74.118162
05/07/2023,VANDALISM,BROOKLYN,MISDEMEANOR,40.664322,-73.900973
02/10/2025,VANDALISM,BROOKLYN,MISDEMEANOR,40.810986,-73.96728
09/15/2022,VANDALISM,BROOKLYN,FELONY,40.594952,-73.794459
12/19/2022,VANDALISM,BROOKLYN,MISDEMEANOR,40.670871,-73.774434
09/24/2022,VANDALISM,BROOKLYN,MISDEMEANOR,40.580642,-74.10647
01/24/2025,VANDALISM,BROOKLYN,FELONY,40.81173,-74.162564
12/23/2023,VANDALISM,BROOKLYN,FELONY,40.831288,-73.709005
01/09/2025,VANDALISM,BROOKLYN,MISDEMEANOR,40.735421,-74.157405
12/07/2024,VANDALISM,BROOKLYN,FELONY,40.563498,-74.148963
12/21/2022,VANDALISM,BROOKLYN,MISDEMEANOR,40.860515,-74.035394
04/20/2024,VANDALISM,BROOKLYN,FELONY,40.756986,-74.028658
07/11/2024,VANDALISM,BROOKLYN,FELONY,40.867257,-73.747385
04/20/2024,VANDALISM,BROOKLYN,MISDEMEANOR,40.61955,-73.95593
05/29/2024,VANDALISM,BROOKLYN,FELONY,40.548412,-73.965634
11/12/2022,VANDALISM,BROOKLYN,MISDEMEANOR,40.544841,-74.183223
11/17/2023,VANDALISM,BROOKLYN,VIOLATION,40.576236,-74.087586
04/16/2023,VANDALISM,BROOKLYN,FELONY,40.575761,-74.051909
11/14/2022,VANDALISM,BROOKLYN,MISDEMEANOR,40.534317,-73.873254
02/05/2025,VANDALISM,BROOKLYN,MISDEMEANOR,40.703494,-73.768587
08/07/2022,VANDALISM,BROOKLYN,FELONY,40.802405,-74.033843
07/31/2024,VANDALISM,BROOKLYN,MISDEMEANOR,40.591229,-73.96764
07/05/2023,VANDALISM,BROOKLYN,MISDEMEANOR,40.633836,-74.100822
05/08/2024,VANDALISM,BROOKLYN,FELONY,40.727406,-73.892418
01/20/2024,VANDALISM,BROOKLYN,FELONY,40.651533,-74.007858
08/25/2023,VANDALISM,BROOKLYN,FELONY,40.814506,-74.200001
12/31/2023,VANDALISM,BROOKLYN,VIOLATION,40.892483,-73.73971
07/19/2022,VANDALISM,BROOKLYN,VIOLATION,40.605402,-74.19624
02/26/2025,VANDALISM,BROOKLYN,FELONY,40.82257,-74.148676
07/21/2023,VANDALISM,BROOKLYN,FELONY,40.7622,-74.038021
07/02/2023,VANDALISM,BROOKLYN,MISDEMEANOR,40.846331,-74.022937
08/26/2022,VANDALISM,BROOKLYN,FELONY,40.556245,-74.208565
10/07/2022,VANDALISM,BROOKLYN,MISDEMEANOR,40.662209,-73.875239
11/13/2022,VANDALISM,BROOKLYN,FELONY,40.82147,-73.848584
08/31/2022,VANDALISM,BROOKLYN,MISDEMEANOR,40.674484,-74.066144
03/18/2023,VANDALISM,BROOKLYN,MISDEMEANOR,40.785453,-74.075619
12/28/2022,VANDALISM,BROOKLYN,VIOLATION,40.57241,-73.907903
02/09/2024,VANDALISM,BROOKLYN,FELONY,40.826737,-74.150554
07/18/2024,VEHICLE THEFT,BROOKLYN,FELONY,40.686852,-73.921933
12/01/2024,VEHICLE THEFT,BROOKLYN,FELONY,40.861759,-73.991381
08/06/2022,VEHICLE THEFT,BROOKLYN,MISDEMEANOR,40.885215,-73.711786
01/13/2023,VEHICLE THEFT,BROOKLYN,FELONY,40.777878,-74.074968
07/03/2025,VEHICLE THEFT,BROOKLYN,MISDEMEANOR,40.675709,-74.137652
08/20/2022,VEHICLE THEFT,BROOKLYN,VIOLATION,40.70419,-74.207949
07/10/2024,VEHICLE THEFT,BROOKLYN,FELONY,40.555291,-73.772131
12/19/2023,VEHICLE THEFT,BROOKLYN,FELONY,40.734353,-74.204461
12/14/2024,VEHICLE THEFT,BROOKLYN,FELONY,40.590013,-74.032839
08/22/2023,VEHICLE THEFT,BROOKLYN,FELONY,40.552862,-73.912779
01/10/2023,VEHICLE THEFT,BROOKLYN,FELONY,40.690038,-74.124457
04/20/2023,VEHICLE THEFT,BROOKLYN,FELONY,40.723989,-73.765413
03/15/2025,VEHICLE THEFT,BROOKLYN,FELONY,40.81825,-73.977031
03/03/2023,VEHICLE THEFT,BROOKLYN,MISDEMEANOR,40.730307,-73.740132
06/06/2025,VEHICLE THEFT,BROOKLYN,FELONY,40.735515,-74.056703
01/25/2025,VEHICLE THEFT,BROOKLYN,MISDEMEANOR,40.776075,-74.016064
02/17/2023,VEHICLE THEFT,BROOKLYN,FELONY,40.711983,-73.781979
06/17/2025,VEHICLE THEFT,BROOKLYN,FELONY,40.710747,-73.781557
11/19/2022,VEHICLE THEFT,BROOKLYN,FELONY,40.880118,-73.931698
05/22/2024,VEHICLE THEFT,BROOKLYN,FELONY,40.695491,-73.943116
02/18/2025,VEHICLE THEFT,BROOKLYN,FELONY,40.860675,-73.924956
03/22/2024,VEHICLE THEFT,BROOKLYN,MISDEMEANOR,40.770431,-73.78041
12/25/2023,VEHICLE THEFT,BROOKLYN,VIOLATION,40.751939,-73.847668
11/13/2023,VEHICLE THEFT,BROOKLYN,MISDEMEANOR,40.831545,-73.918032
09/25/2024,VEHICLE THEFT,BROOKLYN,FELONY,40.62057,-74.206247
05/09/2024,VEHICLE THEFT,BROOKLYN,MISDEMEANOR,40.508593,-74.04221
07/07/2023,VEHICLE THEFT,BROOKLYN,VIOLATION,40.570286,-73.708106
02/02/2023,VEHICLE THEFT,BROOKLYN,MISDEMEANOR,40.520367,-73.936966
11/24/2024,VEHICLE THEFT,BROOKLYN,FELONY,40.882287,-74.122826
12/31/2023,VEHICLE THEFT,BROOKLYN,FELONY,40.833745,-73.861855
08/19/2022,VEHICLE THEFT,BROOKLYN,FELONY,40.642826,-73.876744
10/20/2022,VEHICLE THEFT,BROOKLYN,MISDEMEANOR,40.591951,-73.722029
04/15/2023,VEHICLE THEFT,BROOKLYN,MISDEMEANOR,40.596219,-73.862959
03/07/2023,VEHICLE THEFT,BROOKLYN,MISDEMEANOR,40.806097,-73.797029
09/11/2024,VEHICLE THEFT,BROOKLYN,FELONY,40.81133,-73.960253
01/05/2024,VEHICLE THEFT,BROOKLYN,MISDEMEANOR,40.862984,-73.817817
11/14/2024,VEHICLE THEFT,BROOKLYN,FELONY,40.531838,-73.871454
05/04/2024,VEHICLE THEFT,BROOKLYN,FELONY,40.777833,-73.82883
09/11/2023,VEHICLE THEFT,BROOKLYN,FELONY,40.771056,-73.970672
08/14/2022,VEHICLE THEFT,BROOKLYN,FELONY,40.820985,-73.97878
01/18/2024,VEHICLE THEFT,BROOKLYN,MISDEMEANOR,40.576251,-73.706867
05/07/2023,VEHICLE THEFT,BROOKLYN,FELONY,40.895512,-74.208851
08/24/2024,VEHICLE THEFT,BROOKLYN,FELONY,40.704809,-73.928134
03/22/2023,VEHICLE THEFT,BROOKLYN,VIOLATION,40.81281,-73.720809
03/27/2023,VEHICLE THEFT,BROOKLYN,MISDEMEANOR,40.83717,-73.806544
07/19/2023,VEHICLE THEFT,BROOKLYN,FELONY,40.546166,-74.114766
09/18/2023,VEHICLE THEFT,BROOKLYN,MISDEMEANOR,40.726146,-73.759249
05/18/2024,VEHICLE THEFT,BROOKLYN,FELONY,40.55397,-74.147877
03/25/2024,VEHICLE THEFT,BROOKLYN,VIOLATION,40.503379,-74.17526
11/22/2024,VEHICLE THEFT,BROOKLYN,FELONY,40.741252,-74.210149
05/30/2023,VEHICLE THEFT,BROOKLYN,VIOLATION,40.630248,-73.921582
12/04/2024,VEHICLE THEFT,BROOKLYN,VIOLATION,40.810659,-74.074304
05/25/2023, ASSAULT,MANHATTAN,FELONY,40.889693,-74.043108
11/22/2023, ASSAULT,MANHATTAN,FELONY,40.596284,-73.920819
10/27/2022, ASSAULT,MANHATTAN,MISDEMEANOR,40.628078,-73.851424
02/03/2023, ASSAULT,MANHATTAN,FELONY,40.688079,-74.203094
03/04/2023, ASSAULT,MANHATTAN,FELONY,40.538184,-73.907372
06/04/2025, ASSAULT,MANHATTAN,FELONY,40.835908,-73.860625
03/03/2024, ASSAULT,MANHATTAN,MISDEMEANOR,40.777395,-73.732452
08/18/2024, ASSAULT,MANHATTAN,MISDEMEANOR,40.895037,-73.744988
07/09/2024, ASSAULT,MANHATTAN,VIOLATION,40.724284,-73.812425
06/05/2024, ASSAULT,MANHATTAN,MISDEMEANOR,40.742568,-74.113668
03/07/2024, BURGLARY,MANHATTAN,MISDEMEANOR,40.764416,-74.139028
09/16/2022, BURGLARY,MANHATTAN,MISDEMEANOR,40.544022,-73.888447
07/07/2023, BURGLARY,MANHATTAN,FELONY,40.803546,-74.079671
12/17/2022, BURGLARY,MANHATTAN,FELONY,40.893073,-73.941191
07/20/2024, BURGLARY,MANHATTAN,MISDEMEANOR,40.73769,-74.155764
01/17/2024, BURGLARY,MANHATTAN,MISDEMEANOR,40.558166,-74.052916
06/30/2024, DRUG POSSESSION,MANHATTAN,FELONY,40.601576,-74.025713
12/23/2024, DRUG POSSESSION,MANHATTAN,MISDEMEANOR,40.808515,-73.969284
03/08/2023, DRUG POSSESSION,MANHATTAN,FELONY,40.760333,-73.794076
02/27/2023, DRUG POSSESSION,MANHATTAN,FELONY,40.669734,-73.816207
05/30/2023, DRUG POSSESSION,MANHATTAN,MISDEMEANOR,40.748146,-74.162169
01/06/2023, DRUG POSSESSION,MANHATTAN,MISDEMEANOR,40.738431,-74.032467
09/17/2022, FRAUD,MANHATTAN,FELONY,40.598255,-74.2265
04/18/2023, FRAUD,MANHATTAN,FELONY,40.695317,-74.065391
12/05/2023, FRAUD,MANHATTAN,FELONY,40.559636,-74.228906
07/28/2023, FRAUD,MANHATTAN,MISDEMEANOR,40.709923,-74.131296
02/06/2025, GRAND LARCENY,MANHATTAN,VIOLATION,40.676216,-73.965129
03/15/2023, GRAND LARCENY,MANHATTAN,FELONY,40.681497,-74.199725
07/16/2022, GRAND LARCENY,MANHATTAN,MISDEMEANOR,40.677828,-74.158856
12/26/2022, GRAND LARCENY,MANHATTAN,MISDEMEANOR,40.776156,-74.056058
01/25/2024, GRAND LARCENY,MANHATTAN,MISDEMEANOR,40.608272,-73.787477
07/12/2023, GRAND LARCENY,MANHATTAN,FELONY,40.895914,-73.855315
02/21/2023, GRAND LARCENY,MANHATTAN,MISDEMEANOR,40.650488,-74.104629
03/15/2023, GRAND LARCENY,MANHATTAN,FELONY,40.705161,-73.903358
01/06/2025, PETIT LARCENY,MANHATTAN,MISDEMEANOR,40.830651,-74.046187
09/03/2024, PETIT LARCENY,MANHATTAN,FELONY,40.754274,-74.119705
05/01/2025, PETIT LARCENY,MANHATTAN,FELONY,40.746606,-73.842731
09/03/2024, PETIT LARCENY,MANHATTAN,FELONY,40.797687,-74.034912
07/09/2023, PETIT LARCENY,MANHATTAN,FELONY,40.835925,-74.197448
01/29/2023, ROBBERY,MANHATTAN,FELONY,40.757342,-74.040469
01/30/2025, ROBBERY,MANHATTAN,FELONY,40.603122,-73.87518
10/17/2022, ROBBERY,MANHATTAN,MISDEMEANOR,40.563474,-74.155409
01/20/2023, ROBBERY,MANHATTAN,FELONY,40.534257,-73.810915
09/29/2024, ROBBERY,MANHATTAN,FELONY,40.82391,-73.728452
03/23/2025, ROBBERY,MANHATTAN,FELONY,40.531189,-73.962051
11/19/2022, VANDALISM,MANHATTAN,FELONY,40.56314,-73.757108
10/15/2023, VANDALISM,MANHATTAN,FELONY,40.758461,-73.728988
01/03/2024, VANDALISM,MANHATTAN,MISDEMEANOR,40.897842,-73.815761
06/04/2023, VANDALISM,MANHATTAN,FELONY,40.796958,-73.70815
10/21/2024, VANDALISM,MANHATTAN,FELONY,40.516357,-74.027042
03/24/2025, VANDALISM,MANHATTAN,MISDEMEANOR,40.691007,-73.911627
11/27/2023, VEHICLE THEFT,MANHATTAN,MISDEMEANOR,40.719187,-73.9609
10/28/2023, VEHICLE THEFT,MANHATTAN,VIOLATION,40.540178,-74.204425
07/07/2025, VEHICLE THEFT,MANHATTAN,VIOLATION,40.809877,-73.705483
01/23/2023, VEHICLE THEFT,MANHATTAN,MISDEMEANOR,40.682253,-74.188789
06/27/2023, VEHICLE THEFT,MANHATTAN,MISDEMEANOR,40.889896,-73.778388
05/20/2024,ASSAULT,MANHATTAN,FELONY,40.663962,-73.936988
12/07/2022,ASSAULT,MANHATTAN,FELONY,40.771406,-74.076103
11/18/2024,ASSAULT,MANHATTAN,FELONY,40.651213,-73.949485
10/11/2023,ASSAULT,MANHATTAN,VIOLATION,40.893196,-74.168379
11/12/2024,ASSAULT,MANHATTAN,FELONY,40.803559,-74.003276
12/18/2023,ASSAULT1,MANHATTAN,FELONY,40.615877,-73.964091
08/10/2022,ASSAULT1,MANHATTAN,MISDEMEANOR,40.652571,-73.924916
12/29/2023,ASSAULT1,MANHATTAN,MISDEMEANOR,40.727441,-74.006961
03/11/2023,ASSAULT1,MANHATTAN,FELONY,40.845979,-74.051438
07/09/2025,ASSAULT1,MANHATTAN,FELONY,40.659359,-74.208107
05/07/2023,ASSAULT1,MANHATTAN,FELONY,40.700101,-73.990967
03/23/2024,ASSAULT1,MANHATTAN,MISDEMEANOR,40.742352,-73.748134
03/31/2023,ASSAULT1,MANHATTAN,MISDEMEANOR,40.609017,-73.843897
03/18/2024,ASSAULT1,MANHATTAN,FELONY,40.813528,-73.985267
05/25/2023,ASSAULT1,MANHATTAN,MISDEMEANOR,40.692095,-73.887825
02/16/2025,ASSAULT1,MANHATTAN,FELONY,40.713517,-74.160554
03/15/2023,ASSAULT1,MANHATTAN,FELONY,40.719103,-74.025903
01/16/2024,ASSAULT,MANHATTAN,MISDEMEANOR,40.65849,-73.79465
03/23/2025,ASSAULT,MANHATTAN,MISDEMEANOR,40.654528,-73.986103
08/19/2024,ASSAULT,MANHATTAN,MISDEMEANOR,40.824581,-74.104278
10/27/2022,ASSAULT,MANHATTAN,FELONY,40.509167,-74.055091
07/14/2023,ASSAULT,MANHATTAN,FELONY,40.627359,-73.962665
09/21/2024,ASSAULT,MANHATTAN,MISDEMEANOR,40.78547,-74.01176
03/27/2025,ASSAULT,MANHATTAN,FELONY,40.580355,-73.909698
03/14/2023,ASSAULT,MANHATTAN,FELONY,40.600808,-74.153225
01/24/2024,ASSAULT,MANHATTAN,MISDEMEANOR,40.620884,-73.824549
11/07/2023,ASSAULT,MANHATTAN,FELONY,40.874329,-73.851395
11/15/2023,ASSAULT,MANHATTAN,MISDEMEANOR,40.870294,-73.731571
09/13/2022,ASSAULT,MANHATTAN,MISDEMEANOR,40.584047,-74.125138
01/16/2024,ASSAULT,MANHATTAN,FELONY,40.743077,-73.95859
06/12/2024,ASSAULT,MANHATTAN,MISDEMEANOR,40.550376,-74.100316
08/27/2022,ASSAULT,MANHATTAN,MISDEMEANOR,40.588187,-73.862631
11/10/2023,ASSAULT,MANHATTAN,VIOLATION,40.531118,-74.195665
10/09/2023,ASSAULT,MANHATTAN,FELONY,40.719787,-74.062552
07/30/2022,ASSAULT,MANHATTAN,MISDEMEANOR,40.536527,-73.750189
12/15/2024,ASSAULT,MANHATTAN,VIOLATION,40.711733,-74.089802
03/23/2024,ASSAULT,MANHATTAN,FELONY,40.50859,-74.125157
12/14/2022,ASSAULT,MANHATTAN,FELONY,40.674791,-74.203936
12/04/2022,BURGLARY,MANHATTAN,MISDEMEANOR,40.579216,-74.128418
08/14/2024,BURGLARY,MANHATTAN,MISDEMEANOR,40.841143,-74.23481
02/07/2025,BURGLARY,MANHATTAN,MISDEMEANOR,40.866206,-74.213505
02/21/2025,BURGLARY,MANHATTAN,MISDEMEANOR,40.686875,-73.902228
12/02/2022,BURGLARY,MANHATTAN,VIOLATION,40.515992,-74.109538
03/14/2024,BURGLARY,MANHATTAN,FELONY,40.775787,-73.736967
11/10/2023,BURGLARY,MANHATTAN,FELONY,40.570835,-73.911192
11/12/2023,BURGLARY_dev,MANHATTAN,FELONY,40.856965,-73.80045
07/19/2022,BURGLARY_dev,MANHATTAN,FELONY,40.699096,-73.708669
08/13/2022,BURGLARY_dev,MANHATTAN,FELONY,40.514674,-73.77148
12/08/2023,BURGLARY_dev,MANHATTAN,VIOLATION,40.893533,-73.839867
05/08/2024,BURGLARY_dev,MANHATTAN,FELONY,40.541286,-74.109005
01/19/2024,BURGLARY_dev,MANHATTAN,VIOLATION,40.898944,-73.94597
09/08/2023,BURGLARY_dev,MANHATTAN,VIOLATION,40.615758,-73.87057
09/30/2024,BURGLARY_dev,MANHATTAN,VIOLATION,40.801967,-74.174416
10/18/2024,BURGLARY_dev,MANHATTAN,FELONY,40.632252,-73.908164
04/18/2025,BURGLARY_dev,MANHATTAN,MISDEMEANOR,40.719428,-74.224454
11/23/2023,BURGLARY_dev,MANHATTAN,FELONY,40.677312,-74.102774
10/03/2024,BURGLARY_dev,MANHATTAN,MISDEMEANOR,40.843627,-74.094197
11/02/2024,BURGLARY_dev,MANHATTAN,FELONY,40.820445,-73.921166
10/01/2023,BURGLARY,MANHATTAN,MISDEMEANOR,40.860359,-73.763751
07/26/2022,BURGLARY,MANHATTAN,MISDEMEANOR,40.892574,-73.80537
10/04/2023,BURGLARY,MANHATTAN,FELONY,40.645207,-73.764992
02/14/2023,BURGLARY,MANHATTAN,FELONY,40.873713,-73.726845
12/30/2022,BURGLARY,MANHATTAN,MISDEMEANOR,40.561335,-73.939063
05/02/2025,BURGLARY,MANHATTAN,MISDEMEANOR,40.547631,-74.042597
10/16/2024,BURGLARY,MANHATTAN,FELONY,40.628515,-74.219631
09/21/2022,BURGLARY,MANHATTAN,FELONY,40.670656,-73.760482
06/06/2025,BURGLARY,MANHATTAN,FELONY,40.853305,-73.745116
07/08/2025,BURGLARY,MANHATTAN,MISDEMEANOR,40.587151,-73.889883
11/04/2022,BURGLARY,MANHATTAN,MISDEMEANOR,40.738268,-74.178546
01/26/2023,BURGLARY,MANHATTAN,FELONY,40.53377,-73.867883
08/30/2023,BURGLARY,MANHATTAN,MISDEMEANOR,40.669764,-73.839876
12/15/2022,BURGLARY,MANHATTAN,MISDEMEANOR,40.512049,-73.894708
03/12/2025,BURGLARY,MANHATTAN,FELONY,40.847737,-74.152559
05/16/2024,BURGLARY,MANHATTAN,VIOLATION,40.64324,-73.838283
03/14/2024,BURGLARY,MANHATTAN,MISDEMEANOR,40.637803,-74.1981
05/15/2023,BURGLARY,MANHATTAN,VIOLATION,40.672677,-74.118952
10/18/2023,BURGLARY_dev,MANHATTAN,MISDEMEANOR,40.757185,-73.920585
04/13/2024,BURGLARY_dev,MANHATTAN,MISDEMEANOR,40.552179,-73.949031
01/17/2023,DRUG POSSESSION,MANHATTAN,VIOLATION,40.664848,-73.97853
03/14/2024,DRUG POSSESSION,MANHATTAN,FELONY,40.596458,-73.795554
03/06/2025,DRUG POSSESSION,MANHATTAN,MISDEMEANOR,40.510406,-73.922131
11/15/2022,DRUG POSSESSION,MANHATTAN,MISDEMEANOR,40.707843,-73.797079
02/03/2023,DRUG POSSESSION,MANHATTAN,FELONY,40.540722,-73.791762
04/26/2025,DRUG POSSESSION,MANHATTAN,MISDEMEANOR,40.679076,-74.151728
07/09/2025,DRUG POSSESSION,MANHATTAN,FELONY,40.801662,-73.836596
06/03/2023,DRUG POSSESSION,MANHATTAN,VIOLATION,40.710926,-74.010915
07/23/2023,DRUG POSSESSION,MANHATTAN,FELONY,40.854767,-73.961671
04/02/2024,DRUG POSSESSION,MANHATTAN,FELONY,40.534384,-74.243591
05/07/2023,DRUG POSSESSION,MANHATTAN,FELONY,40.67876,-73.894626
03/19/2024,DRUG POSSESSION,MANHATTAN,FELONY,40.579655,-74.192108
09/12/2023,DRUG POSSESSION,MANHATTAN,MISDEMEANOR,40.669712,-74.152315
04/10/2023,DRUG POSSESSION,MANHATTAN,MISDEMEANOR,40.856525,-73.728883
08/06/2023,DRUG POSSESSION,MANHATTAN,MISDEMEANOR,40.582395,-74.090432
07/30/2022,DRUG POSSESSION,MANHATTAN,FELONY,40.768987,-74.009737
06/16/2025,DRUG POSSESSION,MANHATTAN,VIOLATION,40.571306,-73.828888
09/19/2022,DRUG POSSESSION,MANHATTAN,VIOLATION,40.560921,-73.822793
07/19/2023,DRUG POSSESSION,MANHATTAN,FELONY,40.701774,-73.856262
03/10/2023,DRUG POSSESSION,MANHATTAN,FELONY,40.764496,-74.046521
05/30/2024,DRUG POSSESSION,MANHATTAN,MISDEMEANOR,40.720414,-73.771212
02/10/2023,DRUG POSSESSION,MANHATTAN,MISDEMEANOR,40.777549,-73.780932
09/01/2022,DRUG POSSESSION,MANHATTAN,FELONY,40.729584,-73.752871
03/19/2023,DRUG POSSESSION,MANHATTAN,FELONY,40.835466,-74.206975
04/06/2023,DRUG POSSESSION,MANHATTAN,FELONY,40.790877,-74.114189
12/10/2024,DRUG POSSESSION,MANHATTAN,MISDEMEANOR,40.55074,-74.231604
07/16/2024,DRUG POSSESSION,MANHATTAN,FELONY,40.72181,-74.109508
01/03/2024,DRUG POSSESSION,MANHATTAN,MISDEMEANOR,40.631258,-74.021449
05/14/2024,DRUG POSSESSION,MANHATTAN,FELONY,40.734959,-73.70696
11/02/2023,DRUG POSSESSION,MANHATTAN,FELONY,40.795769,-74.207371
11/25/2022,DRUG POSSESSION,MANHATTAN,MISDEMEANOR,40.603223,-73.990031
07/25/2024,FRAUD,MANHATTAN,FELONY,40.727004,-74.118761
10/20/2024,FRAUD,MANHATTAN,FELONY,40.54614,-73.927109
08/20/2024,FRAUD,MANHATTAN,MISDEMEANOR,40.611364,-74.239784
10/21/2022,FRAUD,MANHATTAN,FELONY,40.748215,-74.227338
11/20/2023,FRAUD,MANHATTAN,FELONY,40.604803,-73.796239
05/01/2025,FRAUD,MANHATTAN,VIOLATION,40.785447,-74.086987
06/11/2025,FRAUD,MANHATTAN,MISDEMEANOR,40.557316,-74.248222
09/24/2022,FRAUD,MANHATTAN,MISDEMEANOR,40.770997,-74.121815
05/23/2024,FRAUD,MANHATTAN,MISDEMEANOR,40.637971,-73.884813
10/15/2024,FRAUD,MANHATTAN,VIOLATION,40.692165,-73.729321
01/21/2024,FRAUD,MANHATTAN,FELONY,40.697007,-73.83061
06/23/2025,FRAUD,MANHATTAN,FELONY,40.862107,-73.708628
10/13/2024,FRAUD,MANHATTAN,FELONY,40.729467,-74.125559
03/14/2023,FRAUD,MANHATTAN,MISDEMEANOR,40.812827,-73.86528
10/09/2024,FRAUD,MANHATTAN,VIOLATION,40.571927,-74.101906
12/04/2022,FRAUD,MANHATTAN,MISDEMEANOR,40.845856,-73.976985
11/27/2022,FRAUD,MANHATTAN,VIOLATION,40.639618,-74.239103
12/06/2022,FRAUD,MANHATTAN,VIOLATION,40.770485,-74.045974
05/01/2024,FRAUD,MANHATTAN,MISDEMEANOR,40.645501,-73.909539
01/09/2024,FRAUD,MANHATTAN,FELONY,40.72617,-73.927183
04/11/2023,FRAUD,MANHATTAN,MISDEMEANOR,40.826154,-73.892428
06/21/2024,FRAUD,MANHATTAN,FELONY,40.855337,-74.170316
05/11/2023,FRAUD,MANHATTAN,FELONY,40.868886,-74.138138
08/29/2022,FRAUD,MANHATTAN,FELONY,40.645956,-73.902207
09/27/2022,FRAUD,MANHATTAN,MISDEMEANOR,40.789157,-74.062703
12/16/2022,FRAUD,MANHATTAN,VIOLATION,40.73435,-74.150138
12/07/2023,FRAUD,MANHATTAN,MISDEMEANOR,40.83407,-74.165586
01/27/2025,FRAUD,MANHATTAN,FELONY,40.893716,-74.077736
11/17/2024,FRAUD,MANHATTAN,MISDEMEANOR,40.636245,-74.107323
08/17/2022,FRAUD,MANHATTAN,MISDEMEANOR,40.77365,-73.797109
01/17/2024,FRAUD,MANHATTAN,FELONY,40.85686,-73.91395
05/22/2024,FRAUD,MANHATTAN,MISDEMEANOR,40.677029,-73.71485
01/26/2025,FRAUD,MANHATTAN,FELONY,40.84866,-74.181559
03/26/2023,FRAUD,MANHATTAN,FELONY,40.883611,-73.868408
05/11/2023,FRAUD,MANHATTAN,FELONY,40.556191,-73.932836
02/21/2024,FRAUD,MANHATTAN,FELONY,40.66605,-73.747948
09/05/2024,FRAUD,MANHATTAN,MISDEMEANOR,40.565076,-74.076692
03/27/2025,FRAUD,MANHATTAN,VIOLATION,40.706162,-74.135186
02/06/2023,FRAUD,MANHATTAN,MISDEMEANOR,40.747907,-74.146214
03/10/2025,FRAUD,MANHATTAN,MISDEMEANOR,40.682211,-73.720221
02/06/2025,FRAUD,MANHATTAN,VIOLATION,40.872178,-73.792079
06/12/2025,GRAND LARCENY,MANHATTAN,VIOLATION,40.509113,-74.01591
03/26/2024,GRAND LARCENY,MANHATTAN,MISDEMEANOR,40.500943,-73.797498
06/23/2023,GRAND LARCENY,MANHATTAN,FELONY,40.656386,-73.703914
05/20/2023,GRAND LARCENY,MANHATTAN,MISDEMEANOR,40.890124,-73.99435
02/05/2024,GRAND LARCENY,MANHATTAN,MISDEMEANOR,40.802896,-74.01596
12/31/2022,GRAND LARCENY,MANHATTAN,MISDEMEANOR,40.521464,-73.804991
02/19/2024,GRAND LARCENY,MANHATTAN,FELONY,40.858965,-74.232757
11/28/2022,GRAND LARCENY,MANHATTAN,FELONY,40.55527,-73.711549
09/29/2024,GRAND LARCENY,MANHATTAN,FELONY,40.865981,-73.753626
08/26/2024,GRAND LARCENY,MANHATTAN,MISDEMEANOR,40.899522,-73.920122
03/08/2023,GRAND LARCENY,MANHATTAN,MISDEMEANOR,40.898203,-73.815292
10/16/2023,GRAND LARCENY,MANHATTAN,MISDEMEANOR,40.519066,-74.005153
01/19/2023,GRAND LARCENY,MANHATTAN,FELONY,40.512337,-74.024959
01/15/2023,GRAND LARCENY,MANHATTAN,FELONY,40.879837,-74.20401
12/23/2024,GRAND LARCENY,MANHATTAN,VIOLATION,40.612211,-73.856898
03/14/2024,GRAND LARCENY,MANHATTAN,MISDEMEANOR,40.706288,-73.962028
05/15/2025,GRAND LARCENY,MANHATTAN,FELONY,40.841063,-74.042258
07/22/2022,GRAND LARCENY,MANHATTAN,MISDEMEANOR,40.518125,-73.970019
10/07/2024,GRAND LARCENY,MANHATTAN,MISDEMEANOR,40.547198,-74.220466
02/21/2025,GRAND LARCENY,MANHATTAN,FELONY,40.500516,-74.192571
05/29/2025,GRAND LARCENY,MANHATTAN,FELONY,40.654433,-73.718764
07/13/2023,GRAND LARCENY,MANHATTAN,FELONY,40.83192,-74.000326
02/26/2025,GRAND LARCENY,MANHATTAN,FELONY,40.541267,-74.081038
08/22/2024,GRAND LARCENY,MANHATTAN,MISDEMEANOR,40.508376,-73.913379
10/31/2024,GRAND LARCENY,MANHATTAN,MISDEMEANOR,40.527353,-73.855519
03/18/2025,GRAND LARCENY,MANHATTAN,FELONY,40.602453,-73.969254
01/18/2023,GRAND LARCENY,MANHATTAN,FELONY,40.846184,-74.053833
05/07/2023,GRAND LARCENY,MANHATTAN,FELONY,40.743441,-74.003818
05/25/2024,GRAND LARCENY,MANHATTAN,MISDEMEANOR,40.783906,-73.978802
08/19/2024,GRAND LARCENY,MANHATTAN,VIOLATION,40.556021,-73.751066
01/26/2023,GRAND LARCENY,MANHATTAN,FELONY,40.848865,-73.888632
07/03/2025,GRAND LARCENY,MANHATTAN,FELONY,40.874772,-73.756837
04/07/2025,GRAND LARCENY,MANHATTAN,FELONY,40.833167,-73.735733
10/05/2022,GRAND LARCENY,MANHATTAN,FELONY,40.620168,-73.954215
04/13/2025,GRAND LARCENY,MANHATTAN,FELONY,40.630106,-73.933538
08/12/2023,GRAND LARCENY,MANHATTAN,FELONY,40.8021,-73.760964
01/03/2023,GRAND LARCENY,MANHATTAN,MISDEMEANOR,40.876308,-73.954943
08/09/2024,GRAND LARCENY,MANHATTAN,MISDEMEANOR,40.856489,-73.72471
09/26/2024,GRAND LARCENY,MANHATTAN,FELONY,40.887722,-73.77
05/07/2025,GRAND LARCENY,MANHATTAN,MISDEMEANOR,40.749652,-73.715292
07/13/2025,PETIT LARCENY,MANHATTAN,FELONY,40.608549,-74.064369
02/21/2025,PETIT LARCENY,MANHATTAN,FELONY,40.853487,-74.227699
01/24/2023,PETIT LARCENY,MANHATTAN,VIOLATION,40.725867,-74.123741
04/22/2025,PETIT LARCENY,MANHATTAN,MISDEMEANOR,40.538287,-73.795385
02/15/2025,PETIT LARCENY,MANHATTAN,FELONY,40.616544,-74.004707
01/07/2025,PETIT LARCENY,MANHATTAN,FELONY,40.503288,-73.784887
04/20/2024,PETIT LARCENY,MANHATTAN,MISDEMEANOR,40.563086,-74.116531
02/13/2024,PETIT LARCENY,MANHATTAN,FELONY,40.610012,-73.732172
07/11/2025,PETIT LARCENY,MANHATTAN,MISDEMEANOR,40.729324,-73.714196
12/26/2023,PETIT LARCENY,MANHATTAN,FELONY,40.536468,-74.038252
10/21/2024,PETIT LARCENY,MANHATTAN,VIOLATION,40.875022,-73.80503
12/14/2024,PETIT LARCENY,MANHATTAN,FELONY,40.847756,-73.711044
06/17/2025,PETIT LARCENY,MANHATTAN,MISDEMEANOR,40.527227,-73.881169
09/05/2022,PETIT LARCENY,MANHATTAN ,FELONY,40.819994,-74.19477
06/19/2024,PETIT LARCENY,MANHATTAN ,FELONY,40.683033,-74.131845
07/01/2023,PETIT LARCENY,MANHATTAN ,FELONY,40.576263,-73.850204
04/19/2025,PETIT LARCENY,MANHATTAN ,FELONY,40.50304,-73.724652
07/13/2024,PETIT LARCENY,MANHATTAN ,MISDEMEANOR,40.513476,-74.058249
09/07/2022,PETIT LARCENY,MANHATTAN ,MISDEMEANOR,40.625967,-73.963526
12/11/2024,PETIT LARCENY,MANHATTAN ,FELONY,40.825829,-73.910592
01/01/2025,PETIT LARCENY,MANHATTAN ,FELONY,40.696136,-74.065928
02/09/2025,PETIT LARCENY,MANHATTAN ,FELONY,40.569332,-74.229858
12/03/2022,PETIT LARCENY,MANHATTAN ,MISDEMEANOR,40.501325,-73.855266
08/09/2023,PETIT LARCENY,MANHATTAN ,MISDEMEANOR,40.8206,-73.920561
08/22/2022,PETIT LARCENY,MANHATTAN ,FELONY,40.843018,-74.12303
05/23/2025,PETIT LARCENY,MANHATTAN ,MISDEMEANOR,40.542277,-73.957624
11/19/2023,PETIT LARCENY,MANHATTAN ,MISDEMEANOR,40.737805,-73.731033
04/25/2023,PETIT LARCENY,MANHATTAN ,FELONY,40.578376,-73.854676
08/18/2022,PETIT LARCENY,MANHATTAN ,FELONY,40.599301,-73.888135
10/04/2022,PETIT LARCENY,MANHATTAN ,VIOLATION,40.755542,-73.932787
02/26/2024,PETIT LARCENY,MANHATTAN ,FELONY,40.731087,-73.810031
03/16/2024,PETIT LARCENY,MANHATTAN ,FELONY,40.665152,-74.009442
03/17/2024,PETIT LARCENY,MANHATTAN ,FELONY,40.713952,-73.97436
02/09/2023,PETIT LARCENY,MANHATTAN ,FELONY,40.816139,-73.993231
02/24/2024,PETIT LARCENY,MANHATTAN ,MISDEMEANOR,40.88242,-74.170411
03/04/2024,ROBBERY,MANHATTAN ,MISDEMEANOR,40.620977,-73.936353
05/02/2023,ROBBERY,MANHATTAN ,MISDEMEANOR,40.553081,-74.071849
01/11/2024,ROBBERY,MANHATTAN ,FELONY,40.504976,-73.729956
11/16/2023,ROBBERY,MANHATTAN ,FELONY,40.677288,-73.879188
04/29/2025,ROBBERY,MANHATTAN ,FELONY,40.535027,-74.023215
12/18/2023,ROBBERY,MANHATTAN ,MISDEMEANOR,40.87138,-73.792807
06/18/2023,ROBBERY,MANHATTAN ,MISDEMEANOR,40.811268,-73.768088
08/11/2024,ROBBERY,MANHATTAN ,MISDEMEANOR,40.792046,-74.199687
04/29/2023,ROBBERY,MANHATTAN ,MISDEMEANOR,40.898349,-74.069006
05/16/2024,ROBBERY,MANHATTAN ,FELONY,40.685037,-73.965746
11/02/2022,ROBBERY,MANHATTAN ,FELONY,40.873843,-73.933874
08/06/2023,ROBBERY,MANHATTAN ,FELONY,40.829557,-73.804107
10/09/2023,ROBBERY,MANHATTAN ,VIOLATION,40.754689,-74.135704
01/19/2023,ROBBERY,MANHATTAN ,FELONY,40.821747,-73.829302
10/25/2023,ROBBERY,MANHATTAN ,FELONY,40.884563,-73.707582
03/03/2024,ROBBERY,MANHATTAN ,VIOLATION,40.658362,-74.017488
04/17/2025,ROBBERY,MANHATTAN ,FELONY,40.684429,-74.145027
03/10/2024,ROBBERY,MANHATTAN ,MISDEMEANOR,40.881993,-74.02913
06/02/2025,ROBBERY,MANHATTAN ,VIOLATION,40.508714,-73.813019
10/22/2022,ROBBERY,MANHATTAN ,MISDEMEANOR,40.877013,-74.069945
09/27/2023,ROBBERY,MANHATTAN ,VIOLATION,40.771735,-73.865367
06/30/2025,ROBBERY,MANHATTAN ,FELONY,40.765825,-74.097922
11/19/2023,ROBBERY,MANHATTAN ,FELONY,40.561491,-73.765627
10/12/2023,ROBBERY,MANHATTAN ,MISDEMEANOR,40.602217,-74.179369
05/12/2025,ROBBERY,MANHATTAN ,FELONY,40.633374,-73.887654
12/10/2023,ROBBERY,MANHATTAN ,FELONY,40.537891,-73.872085
06/25/2024,ROBBERY,MANHATTAN ,MISDEMEANOR,40.766575,-74.203685
12/22/2023,ROBBERY,MANHATTAN ,VIOLATION,40.809179,-74.135975
12/09/2024,ROBBERY,MANHATTAN ,FELONY,40.537077,-73.774752
03/23/2025,ROBBERY,MANHATTAN ,MISDEMEANOR,40.563457,-74.151515
08/07/2023,ROBBERY,MANHATTAN ,MISDEMEANOR,40.777161,-73.840866
01/06/2025,ROBBERY,MANHATTAN ,MISDEMEANOR,40.759349,-74.075735
03/25/2024,ROBBERY,MANHATTAN ,MISDEMEANOR,40.628944,-74.212559
05/08/2023,ROBBERY,MANHATTAN ,FELONY,40.646568,-74.209065
09/16/2023,ROBBERY,MANHATTAN ,FELONY,40.866736,-73.976713
05/25/2023,ROBBERY,MANHATTAN ,VIOLATION,40.87735,-73.723279
05/23/2024,ROBBERY,MANHATTAN ,MISDEMEANOR,40.651306,-73.928683
02/22/2025,ROBBERY,MANHATTAN ,VIOLATION,40.555362,-74.031204
03/10/2023,ROBBERY,MANHATTAN ,FELONY,40.638286,-74.219287
06/19/2025,ROBBERY,MANHATTAN ,VIOLATION,40.587214,-74.170349
02/19/2024,ROBBERY,MANHATTAN ,FELONY,40.569837,-73.93298
04/05/2024,VANDALISM,MANHATTAN ,FELONY,40.836036,-73.859361
02/13/2024,VANDALISM,MANHATTAN ,MISDEMEANOR,40.532549,-73.72788
10/26/2023,VANDALISM,MANHATTAN ,MISDEMEANOR,40.560486,-74.237907
02/10/2023,VANDALISM,MANHATTAN ,MISDEMEANOR,40.626432,-73.729291
08/22/2024,VANDALISM,MANHATTAN ,MISDEMEANOR,40.758942,-74.137294
12/04/2023,VANDALISM,MANHATTAN ,FELONY,40.792768,-74.15725
04/20/2024,VANDALISM,MANHATTAN ,MISDEMEANOR,40.703197,-73.762732
09/21/2023,VANDALISM,MANHATTAN ,FELONY,40.873108,-73.903003
06/27/2024,VANDALISM,MANHATTAN ,FELONY,40.888014,-73.978995
08/27/2024,VANDALISM,MANHATTAN ,MISDEMEANOR,40.57773,-74.108654
12/15/2022,VANDALISM,MANHATTAN ,FELONY,40.743131,-73.714459
08/13/2024,VANDALISM,MANHATTAN ,MISDEMEANOR,40.678275,-73.95168
08/27/2022,VANDALISM,MANHATTAN ,MISDEMEANOR,40.54466,-74.227857
06/05/2025,VANDALISM,MANHATTAN ,MISDEMEANOR,40.879831,-73.881605
01/06/2023,VANDALISM,MANHATTAN ,MISDEMEANOR,40.790612,-73.911829
07/11/2023,VANDALISM,MANHATTAN ,FELONY,40.733093,-73.906097
03/16/2023,VANDALISM,MANHATTAN ,MISDEMEANOR,40.52135,-73.724547
03/30/2024,VANDALISM,MANHATTAN ,MISDEMEANOR,40.801749,-74.23107
07/06/2025,VANDALISM,MANHATTAN ,MISDEMEANOR,40.677798,-73.852137
02/08/2024,VANDALISM,MANHATTAN ,FELONY,40.640568,-74.24643
09/15/2022,VANDALISM,MANHATTAN ,MISDEMEANOR,40.503776,-73.735189
04/08/2023,VANDALISM,MANHATTAN ,MISDEMEANOR,40.602648,-74.036943
12/24/2022,VANDALISM,MANHATTAN ,FELONY,40.526932,-74.087429
08/12/2023,VANDALISM,MANHATTAN ,VIOLATION,40.586923,-73.796147
02/20/2024,VANDALISM,MANHATTAN ,MISDEMEANOR,40.713939,-74.04876
05/21/2024,VANDALISM,MANHATTAN ,FELONY,40.81687,-74.039292
03/03/2024,VANDALISM,MANHATTAN ,FELONY,40.72314,-73.870809
05/26/2025,VANDALISM,MANHATTAN ,VIOLATION,40.856851,-73.707112
11/21/2022,VANDALISM,MANHATTAN ,VIOLATION,40.855505,-74.145414
04/28/2025,VANDALISM,MANHATTAN ,MISDEMEANOR,40.66635,-74.053203
11/11/2023,VANDALISM,MANHATTAN ,VIOLATION,40.5069,-74.232151
04/10/2024,VANDALISM,MANHATTAN ,MISDEMEANOR,40.832446,-74.21906
12/06/2024,VANDALISM,MANHATTAN ,MISDEMEANOR,40.810337,-73.756748
04/22/2023,VANDALISM,MANHATTAN ,MISDEMEANOR,40.565717,-74.146195
11/13/2024,VANDALISM,MANHATTAN ,MISDEMEANOR,40.707723,-73.710558
10/06/2023,VANDALISM,MANHATTAN ,VIOLATION,40.527157,-73.968546
02/25/2023,VANDALISM,MANHATTAN ,VIOLATION,40.586008,-73.712744
07/17/2022,VEHICLE THEFT,MANHATTAN ,FELONY,40.865552,-73.810096
11/17/2022,VEHICLE THEFT,MANHATTAN ,FELONY,40.72259,-74.090599
06/05/2025,VEHICLE THEFT,MANHATTAN ,MISDEMEANOR,40.740483,-74.033409
04/06/2023,VEHICLE THEFT,MANHATTAN ,FELONY,40.546461,-74.247943
05/02/2025,VEHICLE THEFT,MANHATTAN ,MISDEMEANOR,40.641833,-73.937166
07/05/2025,VEHICLE THEFT,MANHATTAN ,FELONY,40.754269,-74.069287
06/11/2024,VEHICLE THEFT,MANHATTAN ,FELONY,40.727218,-73.872463
07/10/2025,VEHICLE THEFT,MANHATTAN ,MISDEMEANOR,40.841025,-74.170686
12/13/2024,VEHICLE THEFT,MANHATTAN ,MISDEMEANOR,40.792401,-73.71293
04/25/2024,VEHICLE THEFT,MANHATTAN ,MISDEMEANOR,40.741674,-74.161242
11/22/2022,VEHICLE THEFT,MANHATTAN ,MISDEMEANOR,40.662075,-74.121797
04/25/2023,VEHICLE THEFT,MANHATTAN ,MISDEMEANOR,40.516174,-74.198587
11/19/2022,VEHICLE THEFT,MANHATTAN ,MISDEMEANOR,40.870392,-74.125178
02/19/2024,VEHICLE THEFT,MANHATTAN ,FELONY,40.742862,-73.735367
10/14/2023,VEHICLE THEFT,MANHATTAN ,FELONY,40.623319,-73.796545
05/19/2025,VEHICLE THEFT,MANHATTAN ,MISDEMEANOR,40.74533,-74.027823
09/15/2024,VEHICLE THEFT,MANHATTAN ,FELONY,40.794871,-73.836864
08/22/2023,VEHICLE THEFT,MANHATTAN ,FELONY,40.535239,-73.895855
02/14/2023,VEHICLE THEFT,MANHATTAN ,MISDEMEANOR,40.520831,-73.702707
03/06/2024,VEHICLE THEFT,MANHATTAN ,MISDEMEANOR,40.770795,-74.210487
01/09/2025,VEHICLE THEFT,MANHATTAN ,MISDEMEANOR,40.733823,-73.788071
05/11/2024,VEHICLE THEFT,MANHATTAN ,FELONY,40.582069,-73.869874
06/13/2024,VEHICLE THEFT,MANHATTAN ,FELONY,40.75491,-73.822656
06/23/2025,VEHICLE THEFT,MANHATTAN ,MISDEMEANOR,40.585867,-73.927832
04/12/2023,VEHICLE THEFT,MANHATTAN ,MISDEMEANOR,40.524973,-74.03457
09/13/2022,VEHICLE THEFT,MANHATTAN ,FELONY,40.821143,-73.924846
09/27/2024,VEHICLE THEFT,MANHATTAN ,FELONY,40.777652,-74.117822
04/13/2025,VEHICLE THEFT,MANHATTAN ,FELONY,40.683803,-74.026182
10/20/2022,VEHICLE THEFT,MANHATTAN ,MISDEMEANOR,40.584454,-74.246906
11/09/2023,VEHICLE THEFT,MANHATTAN ,FELONY,40.648834,-74.160791
11/17/2022,VEHICLE THEFT,MANHATTAN ,VIOLATION,40.775983,-74.090752
05/27/2025,VEHICLE THEFT,MANHATTAN ,MISDEMEANOR,40.526407,-74.207854
06/16/2025,VEHICLE THEFT,MANHATTAN ,MISDEMEANOR,40.874213,-73.806237
08/18/2022,VEHICLE THEFT,MANHATTAN ,FELONY,40.843947,-74.055154
12/28/2022,VEHICLE THEFT,MANHATTAN ,MISDEMEANOR,40.537228,-73.866451
02/15/2023,VEHICLE THEFT,MANHATTAN ,MISDEMEANOR,40.509921,-73.970681
10/09/2024,VEHICLE THEFT,MANHATTAN ,MISDEMEANOR,40.759359,-73.821218
05/31/2025,VEHICLE THEFT,MANHATTAN ,MISDEMEANOR,40.864346,-73.9576
03/20/2023,VEHICLE THEFT,MANHATTAN ,FELONY,40.5921,-74.076024
08/25/2022,VEHICLE THEFT,MANHATTAN ,FELONY,40.852511,-73.751361
04/11/2024,VEHICLE THEFT,MANHATTAN ,FELONY,40.821166,-74.198704
09/09/2022, ASSAULT,QUEENS,FELONY,40.67566,-74.007524
02/07/2023, ASSAULT,QUEENS,VIOLATION,40.826938,-73.770281
03/20/2025, ASSAULT,QUEENS,MISDEMEANOR,40.629406,-73.708059
03/02/2024, ASSAULT,QUEENS,FELONY,40.880273,-73.961919
10/19/2023, ASSAULT,QUEENS,FELONY,40.602643,-73.753447
06/16/2025, ASSAULT,QUEENS,VIOLATION,40.894585,-73.726662
10/19/2023, ASSAULT,QUEENS,MISDEMEANOR,40.823082,-74.249548
08/16/2022, ASSAULT,QUEENS,VIOLATION,40.510746,-73.956531
08/05/2023, ASSAULT,QUEENS,FELONY,40.763323,-74.23803
08/16/2022, BURGLARY,QUEENS,MISDEMEANOR,40.624988,-74.186729
06/16/2023, BURGLARY,QUEENS,FELONY,40.874033,-73.885661
05/01/2024, BURGLARY,QUEENS,MISDEMEANOR,40.548432,-74.176311
08/21/2023, BURGLARY,QUEENS,MISDEMEANOR,40.561739,-73.803637
02/06/2023, BURGLARY,QUEENS,FELONY,40.866665,-74.12207
11/06/2022, BURGLARY,QUEENS,MISDEMEANOR,40.819289,-73.832657
02/02/2025, DRUG POSSESSION,QUEENS,VIOLATION,40.568795,-74.241451
10/25/2022, DRUG POSSESSION,QUEENS,FELONY,40.810161,-74.147422
03/03/2024, DRUG POSSESSION,QUEENS,FELONY,40.72684,-74.212534
03/27/2023, DRUG POSSESSION,QUEENS,MISDEMEANOR,40.50115,-73.910837
11/02/2022, DRUG POSSESSION,QUEENS,FELONY,40.795735,-73.794879
09/25/2022, DRUG POSSESSION,QUEENS,MISDEMEANOR,40.523253,-74.104325
02/09/2024, DRUG POSSESSION,QUEENS,FELONY,40.746499,-74.135174
11/11/2022, FRAUD,QUEENS,MISDEMEANOR,40.8443,-74.189903
02/24/2025, FRAUD,QUEENS,FELONY,40.816793,-74.019665
05/16/2025, FRAUD,QUEENS,MISDEMEANOR,40.679949,-74.114677
12/02/2023, FRAUD,QUEENS,MISDEMEANOR,40.81081,-74.001178
11/21/2024, FRAUD,QUEENS,MISDEMEANOR,40.816796,-73.930576
10/15/2024, FRAUD,QUEENS,MISDEMEANOR,40.797924,-73.753716
10/08/2023, GRAND LARCENY,QUEENS,MISDEMEANOR,40.86485,-74.007226
07/22/2023, GRAND LARCENY,QUEENS,FELONY,40.660217,-74.249638
06/10/2025, GRAND LARCENY,QUEENS,FELONY,40.873088,-73.750299
03/15/2023, GRAND LARCENY,QUEENS,VIOLATION,40.557933,-73.852939
02/23/2023, GRAND LARCENY,QUEENS,VIOLATION,40.735677,-74.069484
02/21/2024, GRAND LARCENY,QUEENS,FELONY,40.573616,-74.14154
04/10/2024, GRAND LARCENY,QUEENS,MISDEMEANOR,40.890881,-73.749584
02/24/2024, PETIT LARCENY,QUEENS,FELONY,40.795206,-73.734632
09/06/2022, PETIT LARCENY,QUEENS,FELONY,40.557983,-74.235555
03/10/2024, PETIT LARCENY,QUEENS,MISDEMEANOR,40.723161,-73.877222
07/27/2022, PETIT LARCENY,QUEENS,FELONY,40.56222,-73.809715
02/20/2024, PETIT LARCENY,QUEENS,FELONY,40.507154,-73.84707
11/05/2024, ROBBERY,QUEENS,MISDEMEANOR,40.656008,-73.852937
06/20/2023, ROBBERY,QUEENS,MISDEMEANOR,40.706499,-73.9335
02/12/2024, ROBBERY,QUEENS,MISDEMEANOR,40.584919,-74.20097
02/29/2024, ROBBERY,QUEENS,FELONY,40.707709,-73.711457
09/08/2022, ROBBERY,QUEENS,FELONY,40.500469,-73.906398
01/05/2024, ROBBERY,QUEENS,MISDEMEANOR,40.898301,-73.893293
05/14/2023, ROBBERY,QUEENS,FELONY,40.895386,-73.737354
03/08/2025, ROBBERY,QUEENS,VIOLATION,40.799544,-74.19569
07/21/2022, ROBBERY,QUEENS,FELONY,40.891257,-73.941811
11/15/2024, VANDALISM,QUEENS,FELONY,40.632803,-74.033256
02/09/2025, VANDALISM,QUEENS,VIOLATION,40.567409,-74.204663
10/04/2023, VEHICLE THEFT,QUEENS,MISDEMEANOR,40.561603,-73.878981
08/16/2022, VEHICLE THEFT,QUEENS,FELONY,40.777382,-74.166133
09/04/2022, VEHICLE THEFT,QUEENS,MISDEMEANOR,40.876952,-73.972027
01/29/2023, VEHICLE THEFT,QUEENS,MISDEMEANOR,40.669737,-73.994746
01/14/2024, VEHICLE THEFT,QUEENS,VIOLATION,40.505709,-73.787601
03/31/2025, VEHICLE THEFT,QUEENS,MISDEMEANOR,40.636024,-73.704885
09/16/2022,ASSAULT,QUEENS,FELONY,40.537932,-73.810329
01/16/2024,ASSAULT,QUEENS,MISDEMEANOR,40.546885,-73.74322
11/20/2024,ASSAULT,QUEENS,FELONY,40.665767,-73.892042
10/20/2022,ASSAULT1,QUEENS,FELONY,40.85888,-74.010601
01/17/2025,ASSAULT1,QUEENS,VIOLATION,40.870743,-74.025476
03/07/2023,ASSAULT1,QUEENS,VIOLATION,40.539729,-73.941318
12/08/2022,ASSAULT1,QUEENS,MISDEMEANOR,40.857834,-73.714388
08/01/2024,ASSAULT1,QUEENS,MISDEMEANOR,40.64681,-73.719973
09/24/2023,ASSAULT,QUEENS,FELONY,40.532363,-73.811868
03/25/2024,ASSAULT,QUEENS,FELONY,40.861892,-73.816232
09/09/2022,ASSAULT,QUEENS,FELONY,40.730774,-73.810466
01/28/2024,ASSAULT,QUEENS,FELONY,40.715613,-73.851566
05/02/2023,ASSAULT,QUEENS,FELONY,40.614107,-73.76782
01/05/2025,ASSAULT,QUEENS,MISDEMEANOR,40.592505,-74.143307
07/20/2022,ASSAULT,QUEENS,VIOLATION,40.541187,-73.814497
03/05/2025,ASSAULT,QUEENS,MISDEMEANOR,40.766412,-74.197894
05/10/2025,ASSAULT,QUEENS,MISDEMEANOR,40.738362,-74.182167
02/21/2023,ASSAULT,QUEENS,FELONY,40.684342,-73.96522
08/12/2023,ASSAULT,QUEENS,MISDEMEANOR,40.588989,-73.746614
12/07/2023,ASSAULT,QUEENS,VIOLATION,40.617086,-73.734865
09/26/2022,ASSAULT,QUEENS,MISDEMEANOR,40.562874,-74.247703
01/02/2024,ASSAULT,QUEENS,MISDEMEANOR,40.532525,-73.889844
04/18/2025,ASSAULT,QUEENS,FELONY,40.71123,-73.890698
12/24/2022,ASSAULT,QUEENS,FELONY,40.584831,-74.056331
02/13/2025,ASSAULT,QUEENS,FELONY,40.506234,-74.106469
03/12/2024,ASSAULT,QUEENS,FELONY,40.80757,-73.715827
05/25/2025,ASSAULT,QUEENS,MISDEMEANOR,40.703823,-74.049047
06/29/2025,ASSAULT,QUEENS,FELONY,40.88243,-73.86528
06/03/2025,ASSAULT,QUEENS,FELONY,40.840911,-73.872761
12/11/2024,ASSAULT,QUEENS,MISDEMEANOR,40.734278,-73.862854
04/05/2023,ASSAULT,QUEENS,FELONY,40.546298,-74.008252
09/02/2022,ASSAULT,QUEENS,FELONY,40.894819,-73.949065
08/26/2023,ASSAULT,QUEENS,VIOLATION,40.664955,-73.77106
03/17/2025,ASSAULT,QUEENS,MISDEMEANOR,40.562919,-73.785973
09/12/2024,ASSAULT,QUEENS,FELONY,40.824091,-73.895852
12/10/2023,BURGLARY,QUEENS,FELONY,40.528789,-74.084416
02/20/2025,BURGLARY,QUEENS,FELONY,40.708346,-73.892069
08/19/2024,BURGLARY,QUEENS,FELONY,40.742218,-74.165367
08/09/2024,BURGLARY,QUEENS,FELONY,40.848519,-73.880099
11/01/2022,BURGLARY,QUEENS,FELONY,40.660742,-74.144913
01/11/2023,BURGLARY_dev,QUEENS,VIOLATION,40.785937,-74.099921
09/10/2023,BURGLARY_dev,QUEENS,MISDEMEANOR,40.70828,-73.776325
10/08/2023,BURGLARY_dev,QUEENS,FELONY,40.719138,-73.711419
11/22/2022,BURGLARY_dev,QUEENS,FELONY,40.828215,-73.789342
08/25/2023,BURGLARY_dev,QUEENS,FELONY,40.810618,-73.951785
06/27/2024,BURGLARY_dev,QUEENS,MISDEMEANOR,40.775453,-74.019122
11/26/2023,BURGLARY_dev,QUEENS,FELONY,40.55735,-73.790632
07/02/2024,BURGLARY_dev,QUEENS,FELONY,40.635389,-74.066087
04/02/2024,BURGLARY_dev,QUEENS,FELONY,40.618146,-74.002952
10/05/2022,BURGLARY_dev,QUEENS,FELONY,40.577438,-74.176023
05/02/2023,BURGLARY_dev,QUEENS,FELONY,40.868468,-74.01983
07/13/2023,BURGLARY_dev,QUEENS,FELONY,40.523047,-73.830879
02/15/2025,BURGLARY_dev,QUEENS,FELONY,40.525128,-73.73712
03/04/2024,BURGLARY_dev,QUEENS,FELONY,40.521813,-74.202029
06/01/2023,BURGLARY,QUEENS,FELONY,40.83777,-74.174899
12/09/2024,BURGLARY,QUEENS,FELONY,40.609761,-74.154278
01/19/2024,BURGLARY,QUEENS,FELONY,40.831085,-74.076865
01/05/2025,BURGLARY,QUEENS,MISDEMEANOR,40.636655,-73.997324
07/17/2022,BURGLARY,QUEENS,FELONY,40.832031,-73.966356
01/29/2024,BURGLARY,QUEENS,MISDEMEANOR,40.718036,-74.218298
03/11/2024,BURGLARY,QUEENS,FELONY,40.688082,-74.211125
09/18/2024,BURGLARY,QUEENS,MISDEMEANOR,40.726672,-73.709825
09/06/2022,BURGLARY,QUEENS,FELONY,40.883044,-73.774206
09/05/2022,BURGLARY,QUEENS,MISDEMEANOR,40.506749,-74.032122
08/24/2022,BURGLARY,QUEENS,VIOLATION,40.591435,-74.010207
03/10/2023,BURGLARY,QUEENS,FELONY,40.599554,-73.89465
12/18/2023,BURGLARY_dev,QUEENS,FELONY,40.792043,-73.97311
06/12/2025,BURGLARY_dev,QUEENS,MISDEMEANOR,40.768586,-73.92987
09/03/2023,BURGLARY,QUEENS,MISDEMEANOR,40.592043,-73.87396
01/01/2025,DRUG POSSESSION,QUEENS,MISDEMEANOR,40.711683,-74.042963
04/07/2025,DRUG POSSESSION,QUEENS,VIOLATION,40.557027,-73.995661
02/28/2023,DRUG POSSESSION,QUEENS,MISDEMEANOR,40.65555,-73.806235
03/26/2025,DRUG POSSESSION,QUEENS,MISDEMEANOR,40.748054,-74.109294
02/06/2023,DRUG POSSESSION,QUEENS,FELONY,40.655064,-74.053315
07/10/2024,DRUG POSSESSION,QUEENS,FELONY,40.681051,-73.928661
06/19/2025,DRUG POSSESSION,QUEENS,FELONY,40.879919,-73.798579
03/05/2023,DRUG POSSESSION,QUEENS,FELONY,40.596416,-74.009674
10/23/2023,DRUG POSSESSION,QUEENS,VIOLATION,40.889192,-73.885989
12/31/2023,DRUG POSSESSION,QUEENS,VIOLATION,40.780393,-74.067467
03/04/2024,DRUG POSSESSION,QUEENS,MISDEMEANOR,40.540003,-73.82961
06/22/2023,DRUG POSSESSION,QUEENS,MISDEMEANOR,40.688209,-73.960455
06/01/2025,DRUG POSSESSION,QUEENS,MISDEMEANOR,40.838884,-73.818536
11/28/2023,DRUG POSSESSION,QUEENS,MISDEMEANOR,40.677036,-73.732658
06/19/2024,DRUG POSSESSION,QUEENS,FELONY,40.803432,-73.933074
07/05/2025,DRUG POSSESSION,QUEENS,FELONY,40.570429,-74.193519
08/12/2023,DRUG POSSESSION,QUEENS,MISDEMEANOR,40.829325,-73.991709
04/27/2025,DRUG POSSESSION,QUEENS,MISDEMEANOR,40.717596,-73.90188
08/15/2023,DRUG POSSESSION,QUEENS,FELONY,40.650696,-74.127614
11/19/2022,DRUG POSSESSION,QUEENS,FELONY,40.715394,-74.184839
05/07/2025,DRUG POSSESSION,QUEENS,VIOLATION,40.801525,-73.792195
06/05/2023,DRUG POSSESSION,QUEENS,VIOLATION,40.846737,-73.97856
01/01/2024,DRUG POSSESSION,QUEENS,MISDEMEANOR,40.852268,-73.91848
01/20/2024,DRUG POSSESSION,QUEENS,VIOLATION,40.587677,-73.951207
12/08/2023,DRUG POSSESSION,QUEENS,MISDEMEANOR,40.726223,-73.864065
12/26/2023,DRUG POSSESSION,QUEENS,MISDEMEANOR,40.654282,-74.13027
01/15/2024,DRUG POSSESSION,QUEENS,VIOLATION,40.528523,-73.889789
11/06/2024,DRUG POSSESSION,QUEENS,VIOLATION,40.693204,-73.858064
09/13/2024,DRUG POSSESSION,QUEENS,MISDEMEANOR,40.727448,-73.901001
03/20/2024,DRUG POSSESSION,QUEENS,FELONY,40.774919,-74.125445
03/14/2023,DRUG POSSESSION,QUEENS,MISDEMEANOR,40.758983,-73.952315
09/22/2022,DRUG POSSESSION,QUEENS,FELONY,40.847274,-74.101185
01/23/2024,DRUG POSSESSION,QUEENS,MISDEMEANOR,40.632247,-73.90375
09/26/2023,DRUG POSSESSION,QUEENS,VIOLATION,40.560574,-74.107331
06/30/2023,DRUG POSSESSION,QUEENS,MISDEMEANOR,40.862758,-74.085347
07/19/2024,DRUG POSSESSION,QUEENS,FELONY,40.548635,-74.154726
04/16/2023,DRUG POSSESSION,QUEENS,MISDEMEANOR,40.523021,-74.145737
09/06/2023,DRUG POSSESSION,QUEENS,MISDEMEANOR,40.831232,-73.786998
06/07/2025,DRUG POSSESSION,QUEENS,FELONY,40.680096,-74.15725
08/19/2024,DRUG POSSESSION,QUEENS,MISDEMEANOR,40.641503,-74.153895
03/12/2023,DRUG POSSESSION,QUEENS,FELONY,40.65803,-74.234929
11/01/2024,FRAUD,QUEENS,FELONY,40.559347,-74.108715
07/06/2025,FRAUD,QUEENS,FELONY,40.528132,-74.052411
06/14/2024,FRAUD,QUEENS,VIOLATION,40.536423,-74.147998
09/10/2022,FRAUD,QUEENS,VIOLATION,40.542914,-73.755206
06/05/2025,FRAUD,QUEENS,MISDEMEANOR,40.510115,-74.178597
06/24/2023,FRAUD,QUEENS,FELONY,40.523672,-74.228942
11/18/2022,FRAUD,QUEENS,VIOLATION,40.688553,-74.231813
01/16/2023,FRAUD,QUEENS,FELONY,40.643686,-74.029517
06/18/2024,FRAUD,QUEENS,MISDEMEANOR,40.756299,-73.922254
09/09/2022,FRAUD,QUEENS,MISDEMEANOR,40.812815,-74.072203
09/29/2023,FRAUD,QUEENS,MISDEMEANOR,40.61605,-73.975697
03/27/2023,FRAUD,QUEENS,MISDEMEANOR,40.890392,-73.791579
03/16/2025,FRAUD,QUEENS,MISDEMEANOR,40.699513,-74.133376
10/11/2024,FRAUD,QUEENS,MISDEMEANOR,40.854889,-73.723489
05/20/2025,FRAUD,QUEENS,FELONY,40.881466,-73.913742
09/17/2022,FRAUD,QUEENS,MISDEMEANOR,40.795876,-73.964156
11/27/2022,FRAUD,QUEENS,MISDEMEANOR,40.502834,-73.980832
06/26/2024,FRAUD,QUEENS,MISDEMEANOR,40.778843,-73.918766
08/15/2024,FRAUD,QUEENS,MISDEMEANOR,40.548917,-73.745464
10/25/2024,FRAUD,QUEENS,FELONY,40.809535,-74.028113
01/04/2024,FRAUD,QUEENS,FELONY,40.774178,-73.824999
09/12/2023,FRAUD,QUEENS,MISDEMEANOR,40.700711,-73.824632
02/15/2024,FRAUD,QUEENS,MISDEMEANOR,40.792805,-74.08643
02/06/2023,FRAUD,QUEENS,MISDEMEANOR,40.623866,-73.816314
03/19/2025,FRAUD,QUEENS,FELONY,40.754197,-73.761814
03/31/2024,FRAUD,QUEENS,FELONY,40.681592,-74.015703
12/05/2023,FRAUD,QUEENS,FELONY,40.625007,-74.203756
10/27/2022,FRAUD,QUEENS,MISDEMEANOR,40.852919,-74.023065
02/15/2023,FRAUD,QUEENS,FELONY,40.731267,-73.965752
07/09/2025,FRAUD,QUEENS,FELONY,40.576831,-73.950852
03/30/2025,FRAUD,QUEENS,MISDEMEANOR,40.59988,-74.092702
08/27/2023,FRAUD,QUEENS,MISDEMEANOR,40.510134,-73.864899
09/29/2023,FRAUD,QUEENS,FELONY,40.517027,-73.957144
07/05/2023,FRAUD,QUEENS,MISDEMEANOR,40.608648,-74.047628
02/05/2025,GRAND LARCENY,QUEENS,MISDEMEANOR,40.633014,-73.801248
09/12/2024,GRAND LARCENY,QUEENS,MISDEMEANOR,40.566632,-74.14443
12/05/2022,GRAND LARCENY,QUEENS,MISDEMEANOR,40.739446,-73.795867
02/05/2025,GRAND LARCENY,QUEENS,FELONY,40.517523,-74.160428
11/04/2022,GRAND LARCENY,QUEENS,MISDEMEANOR,40.767373,-73.887127
04/15/2025,GRAND LARCENY,QUEENS,FELONY,40.564933,-74.240663
12/16/2024,GRAND LARCENY,QUEENS,FELONY,40.80323,-74.01901
12/17/2023,GRAND LARCENY,QUEENS,FELONY,40.851337,-73.995406
12/18/2022,GRAND LARCENY,QUEENS,FELONY,40.572329,-73.865743
12/25/2022,GRAND LARCENY,QUEENS,MISDEMEANOR,40.62613,-74.238595
06/19/2023,GRAND LARCENY,QUEENS,VIOLATION,40.885179,-74.082956
06/15/2023,GRAND LARCENY,QUEENS,FELONY,40.618809,-74.096118
12/21/2022,GRAND LARCENY,QUEENS,VIOLATION,40.582012,-74.120518
08/10/2023,GRAND LARCENY,QUEENS,FELONY,40.87017,-74.139388
07/02/2024,GRAND LARCENY,QUEENS,FELONY,40.519311,-74.191166
01/16/2023,GRAND LARCENY,QUEENS,FELONY,40.699872,-73.898752
05/29/2025,GRAND LARCENY,QUEENS,MISDEMEANOR,40.760287,-73.702911
10/10/2024,GRAND LARCENY,QUEENS,MISDEMEANOR,40.890421,-74.022449
08/11/2022,GRAND LARCENY,QUEENS,MISDEMEANOR,40.741986,-74.009848
07/01/2023,GRAND LARCENY,QUEENS,VIOLATION,40.503208,-74.193818
06/02/2023,GRAND LARCENY,QUEENS,FELONY,40.74065,-74.06002
01/12/2023,GRAND LARCENY,QUEENS,MISDEMEANOR,40.785766,-73.974799
05/03/2023,GRAND LARCENY,QUEENS,MISDEMEANOR,40.747519,-74.15552
09/21/2023,GRAND LARCENY,QUEENS,FELONY,40.885951,-73.804297
07/25/2022,GRAND LARCENY,QUEENS,FELONY,40.555981,-74.185868
05/08/2025,GRAND LARCENY,QUEENS,FELONY,40.752699,-74.057214
03/31/2025,GRAND LARCENY,QUEENS,FELONY,40.571761,-73.957073
08/02/2022,GRAND LARCENY,QUEENS,FELONY,40.73882,-74.107994
07/02/2025,GRAND LARCENY,QUEENS,FELONY,40.588858,-73.743834
03/22/2025,GRAND LARCENY,QUEENS,FELONY,40.645085,-73.959542
03/24/2025,GRAND LARCENY,QUEENS,FELONY,40.573259,-74.084489
02/18/2025,GRAND LARCENY,QUEENS,FELONY,40.697352,-74.109529
10/23/2024,GRAND LARCENY,QUEENS,FELONY,40.698177,-74.110017
12/25/2022,GRAND LARCENY,QUEENS,VIOLATION,40.515342,-74.194807
10/21/2024,GRAND LARCENY,QUEENS,FELONY,40.572949,-74.200407
11/18/2024,GRAND LARCENY,QUEENS,FELONY,40.565451,-73.774728
03/13/2025,PETIT LARCENY,QUEENS,MISDEMEANOR,40.572888,-73.988417
09/17/2023,PETIT LARCENY,QUEENS,VIOLATION,40.883259,-73.900246
12/14/2023,PETIT LARCENY,QUEENS,MISDEMEANOR,40.590675,-73.836612
03/24/2023,PETIT LARCENY,QUEENS,FELONY,40.661463,-74.012947
05/14/2025,PETIT LARCENY,QUEENS,MISDEMEANOR,40.721824,-73.70545
08/09/2023,PETIT LARCENY,QUEENS,MISDEMEANOR,40.659237,-73.743494
11/07/2024,PETIT LARCENY,QUEENS,MISDEMEANOR,40.682592,-73.749502
03/12/2023,PETIT LARCENY,QUEENS,MISDEMEANOR,40.739779,-73.73875
12/13/2024,PETIT LARCENY,QUEENS,FELONY,40.576858,-74.045049
07/28/2022,PETIT LARCENY,QUEENS,MISDEMEANOR,40.754114,-73.970007
03/26/2024,PETIT LARCENY,QUEENS,MISDEMEANOR,40.786487,-73.773686
08/05/2023,PETIT LARCENY,QUEENS,FELONY,40.797705,-73.918123
10/05/2024,PETIT LARCENY,QUEENS,FELONY,40.866696,-73.728896
07/03/2024,PETIT LARCENY,QUEENS,VIOLATION,40.632975,-74.218637
10/26/2023,PETIT LARCENY,QUEENS,MISDEMEANOR,40.591605,-74.24699
03/23/2025,PETIT LARCENY,QUEENS,MISDEMEANOR,40.665609,-74.136189
11/25/2022,PETIT LARCENY,QUEENS,FELONY,40.801633,-74.080969
02/21/2025,PETIT LARCENY,QUEENS,FELONY,40.663472,-73.732057
05/14/2024,PETIT LARCENY,QUEENS,FELONY,40.568373,-74.001619
06/22/2024,PETIT LARCENY,QUEENS,FELONY,40.840446,-74.152389
06/19/2023,PETIT LARCENY,QUEENS,FELONY,40.745192,-74.101411
01/24/2024,PETIT LARCENY,QUEENS,MISDEMEANOR,40.694085,-73.865056
01/16/2024,PETIT LARCENY,QUEENS,FELONY,40.806275,-73.895978
02/08/2025,PETIT LARCENY,QUEENS,MISDEMEANOR,40.82078,-74.156633
01/23/2024,PETIT LARCENY,QUEENS,FELONY,40.58689,-74.089707
03/13/2024,PETIT LARCENY,QUEENS,FELONY,40.778787,-74.090851
09/21/2024,PETIT LARCENY,QUEENS,FELONY,40.544602,-74.141725
08/25/2024,PETIT LARCENY,QUEENS,MISDEMEANOR,40.658802,-74.118789
09/13/2022,PETIT LARCENY,QUEENS,MISDEMEANOR,40.542311,-73.890511
10/15/2024,PETIT LARCENY,QUEENS,VIOLATION,40.87617,-73.826211
12/11/2023,PETIT LARCENY,QUEENS,MISDEMEANOR,40.635695,-74.172854
02/03/2025,PETIT LARCENY,QUEENS,FELONY,40.763356,-73.808018
09/10/2022,PETIT LARCENY,QUEENS,FELONY,40.804853,-73.767617
05/04/2023,PETIT LARCENY,QUEENS,FELONY,40.596817,-73.913345
12/07/2023,PETIT LARCENY,QUEENS,MISDEMEANOR,40.838688,-74.063446
11/17/2023,PETIT LARCENY,QUEENS,FELONY,40.537515,-73.865133
04/07/2024,PETIT LARCENY,QUEENS,MISDEMEANOR,40.534958,-74.240238
10/16/2022,PETIT LARCENY,QUEENS,FELONY,40.773132,-74.012851
12/16/2023,PETIT LARCENY,QUEENS,MISDEMEANOR,40.670467,-74.01951
03/12/2023,PETIT LARCENY,QUEENS,FELONY,40.64443,-73.918563
07/24/2023,PETIT LARCENY,QUEENS,VIOLATION,40.850571,-74.115437
01/31/2024,PETIT LARCENY,QUEENS,MISDEMEANOR,40.862458,-74.083474
02/26/2024,PETIT LARCENY,QUEENS,FELONY,40.849458,-74.077398
05/15/2024,PETIT LARCENY,QUEENS,MISDEMEANOR,40.513829,-74.176654
04/04/2023,PETIT LARCENY,QUEENS,MISDEMEANOR,40.692341,-73.905009
04/13/2024,PETIT LARCENY,QUEENS,MISDEMEANOR,40.618524,-74.082787
07/06/2023,PETIT LARCENY,QUEENS,FELONY,40.783697,-74.245864
06/25/2023,ROBBERY,QUEENS,FELONY,40.70922,-74.211025
11/01/2024,ROBBERY,QUEENS,FELONY,40.503986,-73.714122
06/07/2025,ROBBERY,QUEENS,MISDEMEANOR,40.556163,-73.817326
12/26/2024,ROBBERY,QUEENS,VIOLATION,40.528935,-73.996488
03/14/2024,ROBBERY,QUEENS,FELONY,40.795206,-74.042915
07/03/2025,ROBBERY,QUEENS,MISDEMEANOR,40.732801,-73.823245
05/27/2025,ROBBERY,QUEENS,MISDEMEANOR,40.577337,-74.02239
01/24/2024,ROBBERY,QUEENS,MISDEMEANOR,40.864669,-73.919753
03/09/2024,ROBBERY,QUEENS,FELONY,40.721621,-73.770585
06/27/2023,ROBBERY,QUEENS,MISDEMEANOR,40.515273,-73.822584
10/23/2022,ROBBERY,QUEENS,MISDEMEANOR,40.51396,-74.024199
10/11/2023,ROBBERY,QUEENS,FELONY,40.546172,-74.089604
11/26/2024,ROBBERY,QUEENS,MISDEMEANOR,40.556176,-73.863403
05/04/2024,ROBBERY,QUEENS,FELONY,40.81148,-73.829666
07/16/2022,ROBBERY,QUEENS,FELONY,40.845042,-74.073773
12/26/2023,ROBBERY,QUEENS,MISDEMEANOR,40.742964,-73.812914
06/04/2024,ROBBERY,QUEENS,VIOLATION,40.764476,-73.93509
09/08/2023,ROBBERY,QUEENS,FELONY,40.613076,-74.203966
12/21/2023,ROBBERY,QUEENS,MISDEMEANOR,40.637822,-74.024098
06/06/2023,ROBBERY,QUEENS,MISDEMEANOR,40.714573,-73.917216
10/24/2024,ROBBERY,QUEENS,FELONY,40.832006,-73.915398
10/24/2022,ROBBERY,QUEENS,MISDEMEANOR,40.719966,-73.773854
04/16/2023,ROBBERY,QUEENS,FELONY,40.508936,-74.085419
05/05/2025,ROBBERY,QUEENS,VIOLATION,40.551767,-74.213287
10/13/2023,ROBBERY,QUEENS,FELONY,40.694895,-73.89457
06/16/2025,ROBBERY,QUEENS,MISDEMEANOR,40.866017,-74.229681
03/25/2023,ROBBERY,QUEENS,MISDEMEANOR,40.868641,-73.782401
05/12/2025,ROBBERY,QUEENS,FELONY,40.623302,-73.988946
07/06/2024,ROBBERY,QUEENS,FELONY,40.534105,-74.001357
10/14/2024,ROBBERY,QUEENS,FELONY,40.539531,-74.052614
03/19/2023,ROBBERY,QUEENS,MISDEMEANOR,40.594445,-74.126904
07/20/2024,ROBBERY,QUEENS,FELONY,40.698104,-74.098828
03/16/2024,ROBBERY,QUEENS,FELONY,40.759907,-74.033571
02/02/2025,ROBBERY,QUEENS,MISDEMEANOR,40.711317,-73.745064
03/09/2024,ROBBERY,QUEENS,MISDEMEANOR,40.590844,-74.20328
09/11/2022,ROBBERY,QUEENS,FELONY,40.53326,-73.845162
09/27/2022,ROBBERY,QUEENS,MISDEMEANOR,40.826751,-73.734402
12/13/2023,ROBBERY,QUEENS,FELONY,40.758911,-73.923115
01/08/2025,ROBBERY,QUEENS,FELONY,40.818882,-73.742205
04/10/2025,ROBBERY,QUEENS,MISDEMEANOR,40.606564,-73.899719
06/20/2023,VANDALISM,QUEENS,MISDEMEANOR,40.716113,-73.719889
11/19/2023,VANDALISM,QUEENS,MISDEMEANOR,40.655457,-73.888311
09/05/2022,VANDALISM,QUEENS,FELONY,40.813367,-73.822396
03/20/2025,VANDALISM,QUEENS,FELONY,40.843781,-73.760116
07/29/2024,VANDALISM,QUEENS,FELONY,40.83272,-74.117925
06/08/2023,VANDALISM,QUEENS,MISDEMEANOR,40.593441,-73.904319
12/17/2024,VANDALISM,QUEENS,VIOLATION,40.51532,-74.032714
01/14/2024,VANDALISM,QUEENS,FELONY,40.809946,-74.19281
07/18/2022,VANDALISM,QUEENS,VIOLATION,40.500291,-74.06427
12/04/2024,VANDALISM,QUEENS,MISDEMEANOR,40.557832,-74.043124
02/08/2025,VANDALISM,QUEENS,FELONY,40.86593,-74.041788
03/31/2024,VANDALISM,QUEENS,FELONY,40.840872,-73.792618
10/02/2024,VANDALISM,QUEENS,FELONY,40.601774,-74.206798
04/21/2025,VANDALISM,QUEENS,MISDEMEANOR,40.845309,-74.000409
02/14/2024,VANDALISM,QUEENS,FELONY,40.603357,-73.923565
07/21/2024,VANDALISM,QUEENS,FELONY,40.691779,-73.846233
02/10/2025,VANDALISM,QUEENS,MISDEMEANOR,40.584293,-73.914161
06/19/2025,VANDALISM,QUEENS,MISDEMEANOR,40.737931,-73.83341
06/08/2024,VANDALISM,QUEENS,FELONY,40.541301,-73.92706
04/01/2025,VANDALISM,QUEENS,FELONY,40.608053,-73.908836
08/23/2024,VANDALISM,QUEENS,VIOLATION,40.869078,-74.114278
03/11/2024,VANDALISM,QUEENS,MISDEMEANOR,40.570886,-74.247665
01/31/2024,VANDALISM,QUEENS,MISDEMEANOR,40.54435,-73.723488
09/19/2022,VANDALISM,QUEENS,FELONY,40.509269,-73.993974
08/02/2024,VANDALISM,QUEENS,MISDEMEANOR,40.743496,-73.751644
09/23/2022,VANDALISM,QUEENS,MISDEMEANOR,40.713555,-73.875106
07/25/2023,VANDALISM,QUEENS,MISDEMEANOR,40.86516,-73.912403
12/16/2022,VANDALISM,QUEENS,FELONY,40.836107,-74.234332
09/23/2022,VANDALISM,QUEENS,FELONY,40.796687,-74.050772
08/24/2024,VANDALISM,QUEENS,FELONY,40.839294,-73.764169
10/03/2022,VANDALISM,QUEENS,VIOLATION,40.601299,-73.754519
01/31/2024,VANDALISM,QUEENS,VIOLATION,40.743888,-73.973709
12/28/2023,VANDALISM,QUEENS,MISDEMEANOR,40.850143,-74.210424
10/31/2022,VANDALISM,QUEENS,FELONY,40.825003,-74.072049
06/19/2024,VANDALISM,QUEENS,FELONY,40.508134,-73.780895
09/24/2024,VANDALISM,QUEENS,MISDEMEANOR,40.798928,-73.89097
02/22/2023,VANDALISM,QUEENS,MISDEMEANOR,40.72786,-73.841756
03/28/2023,VANDALISM,QUEENS,FELONY,40.700368,-73.729436
02/20/2024,VANDALISM,QUEENS,MISDEMEANOR,40.532723,-73.809239
09/09/2022,VANDALISM,QUEENS,MISDEMEANOR,40.584487,-73.91365
07/02/2025,VANDALISM,QUEENS,MISDEMEANOR,40.577204,-74.136131
12/03/2023,VEHICLE THEFT,QUEENS,MISDEMEANOR,40.571315,-74.043432
07/21/2023,VEHICLE THEFT,QUEENS,FELONY,40.543461,-73.941544
07/28/2023,VEHICLE THEFT,QUEENS,FELONY,40.648722,-73.904154
06/02/2024,VEHICLE THEFT,QUEENS,FELONY,40.505454,-73.821808
04/19/2025,VEHICLE THEFT,QUEENS,FELONY,40.852715,-73.824586
10/23/2022,VEHICLE THEFT,QUEENS,FELONY,40.704929,-74.112627
06/20/2023,VEHICLE THEFT,QUEENS,FELONY,40.888627,-74.138375
01/19/2025,VEHICLE THEFT,QUEENS,FELONY,40.572271,-73.775427
05/20/2024,VEHICLE THEFT,QUEENS,FELONY,40.578112,-73.856607
03/12/2024,VEHICLE THEFT,QUEENS,FELONY,40.519089,-73.748603
02/14/2025,VEHICLE THEFT,QUEENS,FELONY,40.582817,-74.086129
02/11/2025,VEHICLE THEFT,QUEENS,FELONY,40.826077,-74.164015
05/25/2023,VEHICLE THEFT,QUEENS,FELONY,40.745388,-73.957205
08/10/2022,VEHICLE THEFT,QUEENS,MISDEMEANOR,40.717815,-73.773228
04/20/2024,VEHICLE THEFT,QUEENS,MISDEMEANOR,40.57135,-73.884595
05/11/2024,VEHICLE THEFT,QUEENS,MISDEMEANOR,40.510374,-74.054232
08/25/2022,VEHICLE THEFT,QUEENS,MISDEMEANOR,40.690888,-73.829956
08/04/2022,VEHICLE THEFT,QUEENS,MISDEMEANOR,40.61722,-73.764498
08/04/2022,VEHICLE THEFT,QUEENS,MISDEMEANOR,40.790746,-74.039584
06/23/2024,VEHICLE THEFT,QUEENS,FELONY,40.636397,-74.056278
06/07/2025,VEHICLE THEFT,QUEENS,MISDEMEANOR,40.651504,-74.073751
04/28/2024,VEHICLE THEFT,QUEENS,MISDEMEANOR,40.806981,-74.008361
11/04/2023,VEHICLE THEFT,QUEENS,MISDEMEANOR,40.69938,-73.986106
01/11/2025,VEHICLE THEFT,QUEENS,MISDEMEANOR,40.760518,-74.077306
09/26/2024,VEHICLE THEFT,QUEENS,MISDEMEANOR,40.50289,-73.80921
03/10/2023,VEHICLE THEFT,QUEENS,FELONY,40.578059,-73.927035
06/16/2024,VEHICLE THEFT,QUEENS,MISDEMEANOR,40.526548,-73.896372
08/17/2023,VEHICLE THEFT,QUEENS,FELONY,40.591718,-74.040688
03/31/2024,VEHICLE THEFT,QUEENS,VIOLATION,40.504194,-74.168868
07/27/2023,VEHICLE THEFT,QUEENS,FELONY,40.648614,-73.976595
03/29/2025,VEHICLE THEFT,QUEENS,MISDEMEANOR,40.627277,-74.240645
07/04/2024,VEHICLE THEFT,QUEENS,FELONY,40.659198,-74.232195
11/30/2023,VEHICLE THEFT,QUEENS,MISDEMEANOR,40.689166,-73.743377
12/15/2023,VEHICLE THEFT,QUEENS,MISDEMEANOR,40.539199,-73.743968
02/02/2023,VEHICLE THEFT,QUEENS,MISDEMEANOR,40.857772,-74.204596
06/30/2024,VEHICLE THEFT,QUEENS,MISDEMEANOR,40.814898,-73.821339
07/05/2024,VEHICLE THEFT,QUEENS,MISDEMEANOR,40.84589,-74.085269
01/07/2025,VEHICLE THEFT,QUEENS,MISDEMEANOR,40.604588,-73.809607
01/04/2023,VEHICLE THEFT,QUEENS,FELONY,40.528772,-74.161728
10/08/2024, ASSAULT,STATEN ISLAND,FELONY,40.730731,-73.898532
09/15/2022, ASSAULT,STATEN ISLAND,FELONY,40.740945,-74.057542
10/27/2022, ASSAULT,STATEN ISLAND,FELONY,40.796425,-74.185774
02/20/2025, ASSAULT,STATEN ISLAND,MISDEMEANOR,40.687893,-74.205314
01/20/2024, ASSAULT,STATEN ISLAND,FELONY,40.52554,-74.063019
06/24/2025, ASSAULT,STATEN ISLAND,MISDEMEANOR,40.764546,-74.183231
05/04/2025, ASSAULT,STATEN ISLAND,VIOLATION,40.635098,-73.840803
03/28/2025, BURGLARY,STATEN ISLAND,VIOLATION,40.538082,-73.781111
01/30/2025, BURGLARY,STATEN ISLAND,MISDEMEANOR,40.552407,-74.241446
12/01/2023, BURGLARY,STATEN ISLAND,MISDEMEANOR,40.557844,-74.111778
12/20/2024, BURGLARY,STATEN ISLAND,MISDEMEANOR,40.677897,-74.075073
01/07/2024, BURGLARY,STATEN ISLAND,FELONY,40.725178,-73.894651
08/19/2023, DRUG POSSESSION,STATEN ISLAND,MISDEMEANOR,40.640317,-73.710844
09/27/2022, DRUG POSSESSION,STATEN ISLAND,MISDEMEANOR,40.567221,-74.193971
09/13/2022, DRUG POSSESSION,STATEN ISLAND,FELONY,40.734856,-74.236256
12/25/2022, DRUG POSSESSION,STATEN ISLAND,VIOLATION,40.851172,-73.824472
06/04/2023, DRUG POSSESSION,STATEN ISLAND,FELONY,40.598005,-73.770803
11/18/2022, DRUG POSSESSION,STATEN ISLAND,FELONY,40.810588,-73.882138
10/16/2024, FRAUD,STATEN ISLAND,MISDEMEANOR,40.895295,-73.741795
12/14/2023, FRAUD,STATEN ISLAND,FELONY,40.751554,-73.830163
03/08/2023, FRAUD,STATEN ISLAND,VIOLATION,40.724677,-73.935475
05/05/2023, FRAUD,STATEN ISLAND,FELONY,40.677962,-73.84075
11/23/2022, GRAND LARCENY,STATEN ISLAND,MISDEMEANOR,40.764127,-73.776797
08/31/2022, GRAND LARCENY,STATEN ISLAND,FELONY,40.678369,-74.244076
10/13/2023, GRAND LARCENY,STATEN ISLAND,FELONY,40.796254,-73.93765
11/14/2022, GRAND LARCENY,STATEN ISLAND,FELONY,40.534327,-73.717479
04/30/2025, PETIT LARCENY,STATEN ISLAND,FELONY,40.516602,-74.208892
03/09/2024, PETIT LARCENY,STATEN ISLAND,FELONY,40.60098,-74.093306
10/21/2023, PETIT LARCENY,STATEN ISLAND,VIOLATION,40.726414,-74.027653
08/15/2023, ROBBERY,STATEN ISLAND,FELONY,40.878784,-74.121462
07/16/2024, ROBBERY,STATEN ISLAND,FELONY,40.791671,-73.702946
07/08/2025, ROBBERY,STATEN ISLAND,MISDEMEANOR,40.856343,-74.000365
04/21/2024, ROBBERY,STATEN ISLAND,MISDEMEANOR,40.866736,-74.100626
10/14/2023, ROBBERY,STATEN ISLAND,FELONY,40.562089,-73.805873
03/29/2025, ROBBERY,STATEN ISLAND,FELONY,40.528354,-73.720362
04/27/2023, ROBBERY,STATEN ISLAND,VIOLATION,40.660191,-74.012416
03/18/2024, ROBBERY,STATEN ISLAND,FELONY,40.543808,-73.807512
12/17/2024, VANDALISM,STATEN ISLAND,MISDEMEANOR,40.574629,-73.898111
10/21/2022, VANDALISM,STATEN ISLAND,MISDEMEANOR,40.544059,-74.008158
10/11/2023, VANDALISM,STATEN ISLAND,MISDEMEANOR,40.718595,-74.108973
04/28/2024, VANDALISM,STATEN ISLAND,MISDEMEANOR,40.531075,-73.809597
03/03/2023, VEHICLE THEFT,STATEN ISLAND,FELONY,40.756411,-74.105848
10/20/2022, VEHICLE THEFT,STATEN ISLAND,FELONY,40.531486,-74.237448
04/19/2025, VEHICLE THEFT,STATEN ISLAND,FELONY,40.819899,-73.74412
12/22/2023, VEHICLE THEFT,STATEN ISLAND,FELONY,40.847448,-74.146494
06/22/2024, VEHICLE THEFT,STATEN ISLAND,MISDEMEANOR,40.738066,-74.081305
06/21/2025, VEHICLE THEFT,STATEN ISLAND,MISDEMEANOR,40.847945,-73.742
01/22/2025, VEHICLE THEFT,STATEN ISLAND,FELONY,40.825096,-74.153472
11/06/2023, VEHICLE THEFT,STATEN ISLAND,FELONY,40.705554,-74.05405
03/31/2025, VEHICLE THEFT,STATEN ISLAND,FELONY,40.854854,-74.115031
01/23/2024,ASSAULT,STATEN ISLAND,FELONY,40.532178,-74.07397
02/18/2025,ASSAULT,STATEN ISLAND,MISDEMEANOR,40.683182,-74.206509
10/03/2024,ASSAULT,STATEN ISLAND,VIOLATION,40.541032,-73.930533
04/27/2024,ASSAULT1,STATEN ISLAND,FELONY,40.754786,-74.203494
09/10/2023,ASSAULT1,STATEN ISLAND,MISDEMEANOR,40.641623,-73.990034
01/14/2023,ASSAULT1,STATEN ISLAND,FELONY,40.763545,-74.163429
08/05/2022,ASSAULT1,STATEN ISLAND,FELONY,40.685652,-74.229997
08/18/2023,ASSAULT1,STATEN ISLAND,MISDEMEANOR,40.554362,-74.136101
04/11/2025,ASSAULT1,STATEN ISLAND,MISDEMEANOR,40.695884,-74.040918
11/06/2023,ASSAULT1,STATEN ISLAND,VIOLATION,40.717668,-74.150313
12/03/2024,ASSAULT1,STATEN ISLAND,MISDEMEANOR,40.703875,-74.24258
01/12/2023,ASSAULT1,STATEN ISLAND,MISDEMEANOR,40.860021,-73.822318
12/08/2024,ASSAULT1,STATEN ISLAND,MISDEMEANOR,40.663075,-73.904891
04/03/2025,ASSAULT1,STATEN ISLAND,FELONY,40.624124,-73.901884
06/24/2023,ASSAULT1,STATEN ISLAND,VIOLATION,40.806514,-73.872553
03/25/2024,ASSAULT1,STATEN ISLAND,FELONY,40.731356,-73.711937
08/18/2023,ASSAULT1,STATEN ISLAND,FELONY,40.594891,-74.04046
03/10/2025,ASSAULT1,STATEN ISLAND,FELONY,40.599629,-73.808817
08/18/2022,ASSAULT,STATEN ISLAND,FELONY,40.737841,-73.887613
10/13/2023,ASSAULT,STATEN ISLAND,FELONY,40.727994,-74.057078
07/27/2022,ASSAULT,STATEN ISLAND,MISDEMEANOR,40.788369,-74.227672
07/23/2023,ASSAULT,STATEN ISLAND,FELONY,40.841943,-73.76588
05/26/2024,ASSAULT,STATEN ISLAND,MISDEMEANOR,40.708394,-73.992079
10/25/2024,ASSAULT,STATEN ISLAND,VIOLATION,40.853394,-74.105289
05/24/2025,ASSAULT,STATEN ISLAND,MISDEMEANOR,40.861245,-74.192119
12/04/2024,ASSAULT,STATEN ISLAND,FELONY,40.830567,-74.051646
03/06/2023,ASSAULT,STATEN ISLAND,MISDEMEANOR,40.863282,-74.056804
10/19/2024,ASSAULT,STATEN ISLAND,MISDEMEANOR,40.746016,-73.800748
04/03/2024,ASSAULT,STATEN ISLAND,MISDEMEANOR,40.68961,-73.724637
07/11/2025,ASSAULT,STATEN ISLAND,FELONY,40.838029,-74.109181
01/17/2024,ASSAULT,STATEN ISLAND,FELONY,40.69529,-73.81877
07/16/2024,ASSAULT,STATEN ISLAND,FELONY,40.50307,-74.103636
11/25/2024,ASSAULT,STATEN ISLAND,FELONY,40.555167,-73.965473
10/25/2024,ASSAULT,STATEN ISLAND,FELONY,40.628906,-74.158862
11/17/2022,ASSAULT,STATEN ISLAND,FELONY,40.845882,-74.077202
02/08/2025,ASSAULT,STATEN ISLAND,VIOLATION,40.800856,-74.044153
03/30/2023,ASSAULT,STATEN ISLAND,MISDEMEANOR,40.806251,-73.909675
06/29/2025,ASSAULT,STATEN ISLAND,MISDEMEANOR,40.737126,-74.196869
04/16/2025,ASSAULT,STATEN ISLAND,MISDEMEANOR,40.742934,-74.198908
01/26/2025,ASSAULT,STATEN ISLAND,FELONY,40.507827,-73.90291
07/25/2024,BURGLARY,STATEN ISLAND,MISDEMEANOR,40.898336,-74.228999
02/03/2023,BURGLARY,STATEN ISLAND,MISDEMEANOR,40.668044,-74.082079
07/06/2025,BURGLARY,STATEN ISLAND,MISDEMEANOR,40.784043,-73.911785
01/28/2025,BURGLARY,STATEN ISLAND,MISDEMEANOR,40.717369,-74.038416
04/01/2025,BURGLARY_dev,STATEN ISLAND,MISDEMEANOR,40.81133,-73.879525
12/22/2023,BURGLARY_dev,STATEN ISLAND,MISDEMEANOR,40.586786,-74.152545
09/18/2022,BURGLARY_dev,STATEN ISLAND,FELONY,40.821339,-74.158435
07/27/2024,BURGLARY_dev,STATEN ISLAND,FELONY,40.612676,-74.027681
10/19/2022,BURGLARY_dev,STATEN ISLAND,MISDEMEANOR,40.83549,-73.839284
06/05/2025,BURGLARY_dev,STATEN ISLAND,FELONY,40.607149,-74.133601
12/25/2022,BURGLARY_dev,STATEN ISLAND,VIOLATION,40.841805,-73.929612
05/01/2024,BURGLARY_dev,STATEN ISLAND,FELONY,40.769253,-74.247242
10/22/2023,BURGLARY_dev,STATEN ISLAND,FELONY,40.828107,-73.95365
11/06/2024,BURGLARY_dev,STATEN ISLAND,FELONY,40.602165,-74.105752
02/28/2024,BURGLARY_dev,STATEN ISLAND,MISDEMEANOR,40.848544,-73.767698
11/22/2023,BURGLARY_dev,STATEN ISLAND,VIOLATION,40.676001,-74.196792
11/05/2022,BURGLARY_dev,STATEN ISLAND,MISDEMEANOR,40.790628,-74.236253
12/29/2022,BURGLARY_dev,STATEN ISLAND,MISDEMEANOR,40.675868,-73.868732
05/24/2023,BURGLARY_dev,STATEN ISLAND,FELONY,40.751242,-73.807809
03/04/2024,BURGLARY,STATEN ISLAND,MISDEMEANOR,40.816513,-73.908388
03/25/2023,BURGLARY,STATEN ISLAND,FELONY,40.562342,-73.918838
07/06/2025,BURGLARY,STATEN ISLAND,MISDEMEANOR,40.711971,-74.225262
10/22/2022,BURGLARY,STATEN ISLAND,FELONY,40.530526,-73.925419
08/26/2024,BURGLARY,STATEN ISLAND,FELONY,40.893669,-74.117781
02/09/2023,BURGLARY,STATEN ISLAND,FELONY,40.52102,-73.801707
08/01/2024,BURGLARY,STATEN ISLAND,FELONY,40.713853,-74.044358
04/08/2025,BURGLARY,STATEN ISLAND,FELONY,40.837681,-74.003951
01/22/2024,BURGLARY,STATEN ISLAND,FELONY,40.737569,-74.040903
11/22/2024,BURGLARY,STATEN ISLAND,MISDEMEANOR,40.836951,-73.989914
09/25/2024,BURGLARY,STATEN ISLAND,MISDEMEANOR,40.63307,-74.066032
03/13/2025,BURGLARY,STATEN ISLAND,FELONY,40.849845,-74.145428
09/28/2024,BURGLARY,STATEN ISLAND,FELONY,40.890992,-73.966407
01/07/2025,BURGLARY_dev,STATEN ISLAND,FELONY,40.55976,-74.06343
06/09/2025,BURGLARY_dev,STATEN ISLAND,MISDEMEANOR,40.64816,-73.719167
12/27/2024,BURGLARY_dev,STATEN ISLAND,FELONY,40.6562,-74.109826
04/08/2025,BURGLARY_dev,STATEN ISLAND,VIOLATION,40.523905,-73.796335
11/25/2023,DRUG POSSESSION,STATEN ISLAND,MISDEMEANOR,40.586901,-74.203985
01/22/2024,DRUG POSSESSION,STATEN ISLAND,FELONY,40.587494,-74.187049
08/18/2022,DRUG POSSESSION,STATEN ISLAND,MISDEMEANOR,40.609018,-74.240893
09/25/2023,DRUG POSSESSION,STATEN ISLAND,FELONY,40.753018,-74.152669
08/07/2022,DRUG POSSESSION,STATEN ISLAND,MISDEMEANOR,40.689072,-74.15044
10/28/2023,DRUG POSSESSION,STATEN ISLAND,MISDEMEANOR,40.588262,-74.030391
08/23/2023,DRUG POSSESSION,STATEN ISLAND,VIOLATION,40.739226,-74.231901
11/29/2024,DRUG POSSESSION,STATEN ISLAND,MISDEMEANOR,40.722328,-74.141985
01/10/2023,DRUG POSSESSION,STATEN ISLAND,FELONY,40.810881,-74.229324
12/31/2022,DRUG POSSESSION,STATEN ISLAND,MISDEMEANOR,40.837244,-74.222526
03/12/2023,DRUG POSSESSION,STATEN ISLAND,MISDEMEANOR,40.87026,-74.104849
08/04/2024,DRUG POSSESSION,STATEN ISLAND,FELONY,40.85958,-74.08798
07/19/2024,DRUG POSSESSION,STATEN ISLAND,MISDEMEANOR,40.668343,-73.825128
06/16/2023,DRUG POSSESSION,STATEN ISLAND,VIOLATION,40.76086,-74.228837
07/25/2022,DRUG POSSESSION,STATEN ISLAND,FELONY,40.793169,-73.707018
04/05/2025,DRUG POSSESSION,STATEN ISLAND,VIOLATION,40.865563,-73.922503
10/07/2024,DRUG POSSESSION,STATEN ISLAND,FELONY,40.695713,-73.812513
08/18/2024,DRUG POSSESSION,STATEN ISLAND,FELONY,40.572519,-73.79589
11/25/2022,DRUG POSSESSION,STATEN ISLAND,MISDEMEANOR,40.855353,-73.717851
11/27/2024,DRUG POSSESSION,STATEN ISLAND,FELONY,40.598302,-73.737418
09/07/2024,DRUG POSSESSION,STATEN ISLAND,MISDEMEANOR,40.844676,-73.766894
08/28/2024,DRUG POSSESSION,STATEN ISLAND,MISDEMEANOR,40.73562,-73.81803
03/26/2023,DRUG POSSESSION,STATEN ISLAND,FELONY,40.700713,-74.036635
05/09/2024,DRUG POSSESSION,STATEN ISLAND,FELONY,40.634715,-73.82058
09/16/2022,DRUG POSSESSION,STATEN ISLAND,FELONY,40.555698,-74.08193
12/26/2023,DRUG POSSESSION,STATEN ISLAND,FELONY,40.800398,-74.03768
06/26/2024,DRUG POSSESSION,STATEN ISLAND,MISDEMEANOR,40.825079,-73.857089
09/08/2022,DRUG POSSESSION,STATEN ISLAND,FELONY,40.862625,-74.147794
01/11/2025,DRUG POSSESSION,STATEN ISLAND,MISDEMEANOR,40.899201,-73.914779
06/08/2025,DRUG POSSESSION,STATEN ISLAND,FELONY,40.570256,-73.722656
01/27/2023,DRUG POSSESSION,STATEN ISLAND,MISDEMEANOR,40.76204,-73.988227
11/16/2023,DRUG POSSESSION,STATEN ISLAND,MISDEMEANOR,40.581232,-74.047849
01/11/2024,DRUG POSSESSION,STATEN ISLAND,FELONY,40.688485,-74.219476
07/17/2022,DRUG POSSESSION,STATEN ISLAND,FELONY,40.733805,-74.233748
11/27/2023,DRUG POSSESSION,STATEN ISLAND,FELONY,40.658791,-74.019806
07/15/2023,DRUG POSSESSION,STATEN ISLAND,MISDEMEANOR,40.773017,-73.811581
06/18/2024,DRUG POSSESSION,STATEN ISLAND,VIOLATION,40.79437,-73.755134
02/17/2023,FRAUD,STATEN ISLAND,FELONY,40.573547,-73.798193
05/29/2023,FRAUD,STATEN ISLAND,FELONY,40.64368,-73.729202
06/15/2023,FRAUD,STATEN ISLAND,FELONY,40.801943,-74.089917
08/26/2022,FRAUD,STATEN ISLAND,FELONY,40.853133,-73.812865
01/25/2023,FRAUD,STATEN ISLAND,FELONY,40.630057,-74.234144
06/08/2025,FRAUD,STATEN ISLAND,VIOLATION,40.563407,-74.14302
02/17/2025,FRAUD,STATEN ISLAND,FELONY,40.833404,-73.96818
10/12/2024,FRAUD,STATEN ISLAND,MISDEMEANOR,40.786579,-74.065655
05/31/2023,FRAUD,STATEN ISLAND,FELONY,40.631221,-73.964434
11/14/2024,FRAUD,STATEN ISLAND,FELONY,40.679525,-74.182414
10/27/2023,FRAUD,STATEN ISLAND,MISDEMEANOR,40.503604,-73.705065
02/08/2024,FRAUD,STATEN ISLAND,MISDEMEANOR,40.534455,-74.136092
01/27/2025,FRAUD,STATEN ISLAND,VIOLATION,40.860452,-74.120791
08/15/2023,FRAUD,STATEN ISLAND,FELONY,40.77934,-73.769934
04/19/2024,FRAUD,STATEN ISLAND,MISDEMEANOR,40.649047,-74.063703
10/02/2023,FRAUD,STATEN ISLAND,FELONY,40.513253,-74.03496
09/27/2024,FRAUD,STATEN ISLAND,FELONY,40.765827,-74.12542
10/22/2024,FRAUD,STATEN ISLAND,VIOLATION,40.533209,-74.19148
09/13/2023,FRAUD,STATEN ISLAND,FELONY,40.798766,-73.971095
11/11/2023,FRAUD,STATEN ISLAND,FELONY,40.731549,-74.026381
09/17/2024,FRAUD,STATEN ISLAND,MISDEMEANOR,40.871054,-74.227656
08/31/2022,FRAUD,STATEN ISLAND,MISDEMEANOR,40.563193,-74.032812
05/27/2023,FRAUD,STATEN ISLAND,VIOLATION,40.693328,-73.901802
12/08/2024,FRAUD,STATEN ISLAND,FELONY,40.729059,-73.83214
11/19/2022,FRAUD,STATEN ISLAND,FELONY,40.605856,-74.004762
08/24/2022,FRAUD,STATEN ISLAND,FELONY,40.618048,-74.010213
08/22/2023,FRAUD,STATEN ISLAND,FELONY,40.655559,-73.923522
01/10/2025,FRAUD,STATEN ISLAND,FELONY,40.736363,-73.716096
02/23/2024,FRAUD,STATEN ISLAND,FELONY,40.773717,-73.755448
08/20/2022,FRAUD,STATEN ISLAND,MISDEMEANOR,40.771591,-73.984192
12/22/2023,FRAUD,STATEN ISLAND,FELONY,40.617673,-73.851896
08/28/2022,FRAUD,STATEN ISLAND,FELONY,40.684352,-73.708097
03/02/2023,FRAUD,STATEN ISLAND,MISDEMEANOR,40.724378,-74.136093
07/22/2024,FRAUD,STATEN ISLAND,FELONY,40.513873,-73.924736
07/21/2024,FRAUD,STATEN ISLAND,FELONY,40.601146,-73.988328
01/17/2025,FRAUD,STATEN ISLAND,MISDEMEANOR,40.79301,-73.875848
11/24/2024,FRAUD,STATEN ISLAND,FELONY,40.669873,-74.036718
12/30/2022,FRAUD,STATEN ISLAND,FELONY,40.669163,-74.229891
08/08/2024,GRAND LARCENY,STATEN ISLAND,FELONY,40.846124,-74.106729
01/12/2025,GRAND LARCENY,STATEN ISLAND,FELONY,40.528182,-74.105632
11/07/2022,GRAND LARCENY,STATEN ISLAND,FELONY,40.868557,-74.000463
08/24/2023,GRAND LARCENY,STATEN ISLAND,FELONY,40.7942,-74.027409
10/14/2022,GRAND LARCENY,STATEN ISLAND,MISDEMEANOR,40.713112,-73.768396
05/10/2023,GRAND LARCENY,STATEN ISLAND,FELONY,40.509539,-73.722781
04/18/2023,GRAND LARCENY,STATEN ISLAND,FELONY,40.535591,-74.164868
07/29/2022,GRAND LARCENY,STATEN ISLAND,MISDEMEANOR,40.635498,-73.94627
12/21/2023,GRAND LARCENY,STATEN ISLAND,FELONY,40.689411,-74.007795
08/23/2024,GRAND LARCENY,STATEN ISLAND,MISDEMEANOR,40.667279,-74.169989
05/28/2023,GRAND LARCENY,STATEN ISLAND,FELONY,40.589205,-74.011885
07/17/2024,GRAND LARCENY,STATEN ISLAND,VIOLATION,40.647033,-73.826707
06/05/2024,GRAND LARCENY,STATEN ISLAND,FELONY,40.844086,-73.852618
10/05/2024,GRAND LARCENY,STATEN ISLAND,FELONY,40.801296,-74.050373
06/30/2024,GRAND LARCENY,STATEN ISLAND,MISDEMEANOR,40.514599,-73.979833
03/25/2025,GRAND LARCENY,STATEN ISLAND,MISDEMEANOR,40.850951,-73.908606
11/24/2022,GRAND LARCENY,STATEN ISLAND,MISDEMEANOR,40.619567,-74.11363
06/07/2025,GRAND LARCENY,STATEN ISLAND,MISDEMEANOR,40.851186,-73.869443
11/19/2024,GRAND LARCENY,STATEN ISLAND,VIOLATION,40.79138,-73.942482
07/30/2022,GRAND LARCENY,STATEN ISLAND,MISDEMEANOR,40.508272,-73.884181
06/25/2023,GRAND LARCENY,STATEN ISLAND,FELONY,40.876344,-73.973651
03/18/2025,GRAND LARCENY,STATEN ISLAND,FELONY,40.595132,-73.997687
07/16/2023,GRAND LARCENY,STATEN ISLAND,FELONY,40.838048,-73.882618
08/13/2024,GRAND LARCENY,STATEN ISLAND,MISDEMEANOR,40.858059,-74.131877
07/26/2023,GRAND LARCENY,STATEN ISLAND,MISDEMEANOR,40.816782,-74.2427
08/14/2023,GRAND LARCENY,STATEN ISLAND,FELONY,40.597846,-73.776121
08/22/2024,GRAND LARCENY,STATEN ISLAND,MISDEMEANOR,40.66171,-74.174765
10/15/2024,GRAND LARCENY,STATEN ISLAND,FELONY,40.849422,-73.817373
04/04/2025,GRAND LARCENY,STATEN ISLAND,FELONY,40.718264,-74.014714
10/01/2023,GRAND LARCENY,STATEN ISLAND,MISDEMEANOR,40.637838,-73.916034
08/21/2023,GRAND LARCENY,STATEN ISLAND,MISDEMEANOR,40.890058,-73.835446
01/27/2024,GRAND LARCENY,STATEN ISLAND,FELONY,40.758959,-74.009621
03/28/2023,GRAND LARCENY,STATEN ISLAND,VIOLATION,40.846725,-73.977749
04/17/2023,GRAND LARCENY,STATEN ISLAND,VIOLATION,40.897251,-73.764372
08/04/2024,GRAND LARCENY,STATEN ISLAND,FELONY,40.765963,-73.826847
05/23/2024,GRAND LARCENY,STATEN ISLAND,FELONY,40.607552,-74.008984
11/06/2022,GRAND LARCENY,STATEN ISLAND,MISDEMEANOR,40.775395,-73.863774
02/25/2023,GRAND LARCENY,STATEN ISLAND,FELONY,40.742159,-74.144888
11/20/2022,PETIT LARCENY,STATEN ISLAND,MISDEMEANOR,40.669684,-73.836756
12/23/2024,PETIT LARCENY,STATEN ISLAND,FELONY,40.847537,-73.836679
10/18/2022,PETIT LARCENY,STATEN ISLAND,FELONY,40.8239,-73.945782
07/15/2024,PETIT LARCENY,STATEN ISLAND,FELONY,40.513971,-73.957514
08/09/2023,PETIT LARCENY,STATEN ISLAND,FELONY,40.719551,-74.016866
06/26/2024,PETIT LARCENY,STATEN ISLAND,FELONY,40.550153,-74.176324
03/06/2025,PETIT LARCENY,STATEN ISLAND,MISDEMEANOR,40.681455,-74.150634
09/03/2022,PETIT LARCENY,STATEN ISLAND,FELONY,40.508691,-73.913617
09/26/2022,PETIT LARCENY,STATEN ISLAND,FELONY,40.647313,-74.171519
03/05/2025,PETIT LARCENY,STATEN ISLAND,MISDEMEANOR,40.807836,-74.204195
05/19/2023,PETIT LARCENY,STATEN ISLAND,MISDEMEANOR,40.743203,-74.018297
05/10/2023,PETIT LARCENY,STATEN ISLAND,FELONY,40.875325,-73.771854
11/10/2024,PETIT LARCENY,STATEN ISLAND,MISDEMEANOR,40.8411,-73.985057
10/02/2024,PETIT LARCENY,STATEN ISLAND,MISDEMEANOR,40.501628,-74.171113
04/30/2023,PETIT LARCENY,STATEN ISLAND,MISDEMEANOR,40.794564,-73.954989
03/22/2024,PETIT LARCENY,STATEN ISLAND,FELONY,40.793139,-73.749329
10/16/2024,PETIT LARCENY,STATEN ISLAND,FELONY,40.78977,-73.703081
03/20/2024,PETIT LARCENY,STATEN ISLAND,FELONY,40.649765,-74.178102
07/03/2023,PETIT LARCENY,STATEN ISLAND,FELONY,40.522064,-74.048451
04/02/2025,PETIT LARCENY,STATEN ISLAND,VIOLATION,40.875176,-74.120233
09/30/2023,PETIT LARCENY,STATEN ISLAND,MISDEMEANOR,40.651571,-73.90565
03/25/2023,PETIT LARCENY,STATEN ISLAND,FELONY,40.847831,-73.95779
06/26/2023,PETIT LARCENY,STATEN ISLAND,MISDEMEANOR,40.572682,-73.771133
09/22/2022,PETIT LARCENY,STATEN ISLAND,FELONY,40.636531,-73.889773
06/30/2024,PETIT LARCENY,STATEN ISLAND,FELONY,40.736993,-73.87819
08/07/2023,PETIT LARCENY,STATEN ISLAND,MISDEMEANOR,40.589142,-74.097046
01/21/2023,PETIT LARCENY,STATEN ISLAND,MISDEMEANOR,40.837909,-74.166565
12/09/2024,PETIT LARCENY,STATEN ISLAND,FELONY,40.78034,-74.067231
02/06/2024,PETIT LARCENY,STATEN ISLAND,FELONY,40.678759,-74.14404
08/25/2024,PETIT LARCENY,STATEN ISLAND,FELONY,40.700113,-73.827127
10/15/2022,PETIT LARCENY,STATEN ISLAND,VIOLATION,40.61983,-73.915576
10/03/2022,PETIT LARCENY,STATEN ISLAND,MISDEMEANOR,40.507522,-73.740644
04/12/2023,PETIT LARCENY,STATEN ISLAND,MISDEMEANOR,40.841746,-73.706863
08/14/2022,PETIT LARCENY,STATEN ISLAND,MISDEMEANOR,40.543096,-73.978744
02/11/2023,PETIT LARCENY,STATEN ISLAND,FELONY,40.817836,-73.810447
09/18/2024,PETIT LARCENY,STATEN ISLAND,MISDEMEANOR,40.545103,-73.950562
11/29/2023,PETIT LARCENY,STATEN ISLAND,MISDEMEANOR,40.770897,-73.99068
06/24/2024,PETIT LARCENY,STATEN ISLAND,FELONY,40.766195,-73.852339
12/09/2024,PETIT LARCENY,STATEN ISLAND,FELONY,40.827938,-73.969194
03/12/2024,PETIT LARCENY,STATEN ISLAND,MISDEMEANOR,40.899137,-74.186142
02/01/2024,PETIT LARCENY,STATEN ISLAND,MISDEMEANOR,40.595097,-73.934671
03/23/2023,PETIT LARCENY,STATEN ISLAND,MISDEMEANOR,40.894003,-73.982244
03/18/2025,PETIT LARCENY,STATEN ISLAND,MISDEMEANOR,40.773359,-73.939783
08/20/2023,PETIT LARCENY,STATEN ISLAND,FELONY,40.890913,-73.74424
11/11/2022,PETIT LARCENY,STATEN ISLAND,FELONY,40.705734,-73.716799
07/31/2024,PETIT LARCENY,STATEN ISLAND,FELONY,40.570748,-74.179792
10/30/2023,ROBBERY,STATEN ISLAND,FELONY,40.847041,-74.115849
09/26/2023,ROBBERY,STATEN ISLAND,VIOLATION,40.604022,-74.212003
04/05/2025,ROBBERY,STATEN ISLAND,FELONY,40.596052,-73.725779
07/26/2024,ROBBERY,STATEN ISLAND,FELONY,40.633761,-74.118321
07/29/2023,ROBBERY,STATEN ISLAND,MISDEMEANOR,40.784943,-73.753509
06/04/2025,ROBBERY,STATEN ISLAND,MISDEMEANOR,40.728719,-74.131211
04/29/2023,ROBBERY,STATEN ISLAND,MISDEMEANOR,40.843638,-74.183013
03/18/2023,ROBBERY,STATEN ISLAND,FELONY,40.637832,-74.089845
09/15/2023,ROBBERY,STATEN ISLAND,VIOLATION,40.511421,-74.059112
01/06/2024,ROBBERY,STATEN ISLAND,FELONY,40.805683,-74.004656
10/09/2023,ROBBERY,STATEN ISLAND,MISDEMEANOR,40.552995,-73.847871
05/31/2024,ROBBERY,STATEN ISLAND,FELONY,40.578797,-73.889728
07/28/2022,ROBBERY,STATEN ISLAND,FELONY,40.709329,-74.240186
06/07/2023,ROBBERY,STATEN ISLAND,VIOLATION,40.543272,-74.012288
08/24/2022,ROBBERY,STATEN ISLAND,FELONY,40.536649,-73.775082
12/11/2023,ROBBERY,STATEN ISLAND,FELONY,40.694477,-74.187929
11/17/2022,ROBBERY,STATEN ISLAND,FELONY,40.701563,-74.015887
01/30/2023,ROBBERY,STATEN ISLAND,FELONY,40.816443,-74.095149
09/23/2024,ROBBERY,STATEN ISLAND,MISDEMEANOR,40.890049,-73.846595
08/19/2022,ROBBERY,STATEN ISLAND,MISDEMEANOR,40.74748,-73.937179
09/24/2024,ROBBERY,STATEN ISLAND,FELONY,40.684253,-73.881024
07/07/2025,ROBBERY,STATEN ISLAND,FELONY,40.825977,-74.208144
10/25/2022,ROBBERY,STATEN ISLAND,FELONY,40.837608,-73.93364
04/03/2024,ROBBERY,STATEN ISLAND,MISDEMEANOR,40.577235,-74.068513
07/21/2023,ROBBERY,STATEN ISLAND,MISDEMEANOR,40.606066,-74.082742
01/16/2023,ROBBERY,STATEN ISLAND,FELONY,40.812495,-73.907765
07/25/2024,ROBBERY,STATEN ISLAND,FELONY,40.560459,-74.144462
07/01/2025,ROBBERY,STATEN ISLAND,FELONY,40.501566,-74.153225
03/14/2025,ROBBERY,STATEN ISLAND,FELONY,40.576473,-74.187184
04/01/2023,ROBBERY,STATEN ISLAND,MISDEMEANOR,40.616548,-73.834537
08/22/2023,VANDALISM,STATEN ISLAND,VIOLATION,40.624059,-73.848593
09/07/2024,VANDALISM,STATEN ISLAND,FELONY,40.536653,-73.811136
11/09/2023,VANDALISM,STATEN ISLAND,MISDEMEANOR,40.510679,-73.90075
05/18/2025,VANDALISM,STATEN ISLAND,FELONY,40.547562,-73.892904
12/14/2023,VANDALISM,STATEN ISLAND,VIOLATION,40.503882,-73.861923
06/06/2024,VANDALISM,STATEN ISLAND,VIOLATION,40.798786,-73.751821
06/07/2025,VANDALISM,STATEN ISLAND,MISDEMEANOR,40.560859,-73.871196
06/16/2023,VANDALISM,STATEN ISLAND,FELONY,40.868764,-73.986097
08/18/2023,VANDALISM,STATEN ISLAND,FELONY,40.730092,-74.035523
11/06/2024,VANDALISM,STATEN ISLAND,FELONY,40.847587,-74.130388
05/09/2024,VANDALISM,STATEN ISLAND,MISDEMEANOR,40.769356,-73.757124
07/13/2025,VANDALISM,STATEN ISLAND,FELONY,40.681984,-74.213926
11/29/2023,VANDALISM,STATEN ISLAND,VIOLATION,40.751337,-73.790228
05/03/2023,VANDALISM,STATEN ISLAND,FELONY,40.760592,-73.809917
07/01/2024,VANDALISM,STATEN ISLAND,FELONY,40.890894,-73.776891
06/01/2024,VANDALISM,STATEN ISLAND,FELONY,40.549732,-74.06232
08/24/2023,VANDALISM,STATEN ISLAND,FELONY,40.593311,-74.245582
05/22/2024,VANDALISM,STATEN ISLAND,MISDEMEANOR,40.615888,-73.963007
08/03/2023,VANDALISM,STATEN ISLAND,VIOLATION,40.681595,-74.139216
10/06/2023,VANDALISM,STATEN ISLAND,MISDEMEANOR,40.69062,-73.950525
10/20/2024,VANDALISM,STATEN ISLAND,FELONY,40.529825,-73.975624
04/03/2024,VANDALISM,STATEN ISLAND,FELONY,40.5434,-73.788589
04/05/2023,VANDALISM,STATEN ISLAND,MISDEMEANOR,40.508669,-74.175091
03/14/2023,VANDALISM,STATEN ISLAND,FELONY,40.770435,-74.019357
12/15/2024,VANDALISM,STATEN ISLAND,FELONY,40.588186,-74.243996
01/27/2024,VANDALISM,STATEN ISLAND,MISDEMEANOR,40.824165,-73.786864
05/23/2025,VANDALISM,STATEN ISLAND,FELONY,40.819141,-73.86847
09/20/2022,VANDALISM,STATEN ISLAND,MISDEMEANOR,40.570646,-74.034032
01/22/2024,VANDALISM,STATEN ISLAND,MISDEMEANOR,40.751387,-74.009081
12/12/2022,VANDALISM,STATEN ISLAND,FELONY,40.789484,-74.213123
06/22/2025,VANDALISM,STATEN ISLAND,MISDEMEANOR,40.675926,-73.743529
05/04/2025,VANDALISM,STATEN ISLAND,MISDEMEANOR,40.88088,-74.067806
02/13/2024,VANDALISM,STATEN ISLAND,VIOLATION,40.801581,-74.165175
04/30/2024,VANDALISM,STATEN ISLAND,FELONY,40.578769,-74.057591
06/03/2023,VANDALISM,STATEN ISLAND,MISDEMEANOR,40.836099,-73.921618
04/11/2025,VANDALISM,STATEN ISLAND,MISDEMEANOR,40.671734,-74.099372
10/05/2023,VEHICLE THEFT,STATEN ISLAND,MISDEMEANOR,40.729549,-73.876786
02/10/2024,VEHICLE THEFT,STATEN ISLAND,MISDEMEANOR,40.831735,-74.228357
07/17/2024,VEHICLE THEFT,STATEN ISLAND,MISDEMEANOR,40.804094,-73.755102
04/24/2024,VEHICLE THEFT,STATEN ISLAND,FELONY,40.692917,-73.80204
06/12/2023,VEHICLE THEFT,STATEN ISLAND,MISDEMEANOR,40.740689,-73.857235
08/22/2024,VEHICLE THEFT,STATEN ISLAND,FELONY,40.501656,-73.702172
03/27/2023,VEHICLE THEFT,STATEN ISLAND,MISDEMEANOR,40.66367,-74.205795
03/31/2023,VEHICLE THEFT,STATEN ISLAND,FELONY,40.851722,-74.171255
07/18/2022,VEHICLE THEFT,STATEN ISLAND,MISDEMEANOR,40.629771,-73.876998
06/12/2024,VEHICLE THEFT,STATEN ISLAND,FELONY,40.541878,-74.217884
05/25/2025,VEHICLE THEFT,STATEN ISLAND,FELONY,40.836814,-73.805665
10/29/2022,VEHICLE THEFT,STATEN ISLAND,VIOLATION,40.785312,-74.19223
09/28/2023,VEHICLE THEFT,STATEN ISLAND,MISDEMEANOR,40.546344,-74.136047
03/02/2023,VEHICLE THEFT,STATEN ISLAND,FELONY,40.564401,-73.705946
02/01/2023,VEHICLE THEFT,STATEN ISLAND,FELONY,40.887993,-74.212166
09/02/2023,VEHICLE THEFT,STATEN ISLAND,MISDEMEANOR,40.55812,-73.999379
07/11/2023,VEHICLE THEFT,STATEN ISLAND,MISDEMEANOR,40.86528,-73.859899
12/16/2024,VEHICLE THEFT,STATEN ISLAND,FELONY,40.527045,-74.050197
11/10/2024,VEHICLE THEFT,STATEN ISLAND,MISDEMEANOR,40.883027,-73.831991
05/19/2025,VEHICLE THEFT,STATEN ISLAND,FELONY,40.551645,-74.201905
07/15/2025,VEHICLE THEFT,STATEN ISLAND,MISDEMEANOR,40.566672,-73.871419
04/11/2024,VEHICLE THEFT,STATEN ISLAND,FELONY,40.647891,-73.946285
08/06/2022,VEHICLE THEFT,STATEN ISLAND,MISDEMEANOR,40.813148,-73.854991
12/29/2023,VEHICLE THEFT,STATEN ISLAND,FELONY,40.66786,-73.840757
06/11/2024,VEHICLE THEFT,STATEN ISLAND,MISDEMEANOR,40.795939,-74.078607
07/18/2023,VEHICLE THEFT,STATEN ISLAND,FELONY,40.761457,-73.796558
09/17/2024,VEHICLE THEFT,STATEN ISLAND,MISDEMEANOR,40.899798,-74.060247
05/12/2023,VEHICLE THEFT,STATEN ISLAND,FELONY,40.787068,-74.142267
07/17/2024,VEHICLE THEFT,STATEN ISLAND,FELONY,40.588191,-73.863536
12/22/2023,VEHICLE THEFT,STATEN ISLAND,FELONY,40.740797,-73.938063
02/20/2025,VEHICLE THEFT,STATEN ISLAND,MISDEMEANOR,40.671244,-73.81925
08/01/2022,VEHICLE THEFT,STATEN ISLAND,MISDEMEANOR,40.535772,-73.938646
